inn,setid,title,published,route,lyophilized,presentation_index,source_text,fill_volume_ml,protein_conc_mg_ml,lysine_mm,surfactant,surfactant_pct_wv,trehalose_mm,trehalose_pct_wv,n_ingredients_parsed,buffer_species,buffer_conc_mm,ph,ph_is_range,ph_from_composition,nacl_mm,label_mw_kda,glycine_mm,mannitol_mm,mannitol_pct_wv,sucrose_mm,sucrose_pct_wv,methionine_mm,sorbitol_mm,sorbitol_pct_wv,arginine_mm,proline_mm,usable
anifrolumab,d6203302-2128-41a7-b0b4-0e6c0704d4dc,"SAPHNELO (ANIFROLUMAB-FNIA) INJECTION, SOLUTION [ASTRAZENECA PHARMACEUTICALS LP]","May 13, 2026",subcutaneous,False,0.0,"Each 2 mL single-dose vial contains 300 mg (150 mg/mL) of anifrolumab-fnia, L-histidine (3 mg), L-histidine hydrochloride monohydrate (6 mg), L-lysine hydrochloride (18 mg), polysorbate 80 (1 mg), trehalose dihydrate (98 mg), and Water for Injection, USP.",2.0,150.0,49.27,polysorbate 80,0.05,129.52,4.9,4.0,histidine,14.31,,,,,,,,,,,,,,,,False
anifrolumab,d6203302-2128-41a7-b0b4-0e6c0704d4dc,"SAPHNELO (ANIFROLUMAB-FNIA) INJECTION, SOLUTION [ASTRAZENECA PHARMACEUTICALS LP]","May 13, 2026",subcutaneous,False,1.0,"Each 0.8 mL single-dose prefilled syringe or autoinjector delivers 120 mg of anifrolumab-fnia, histidine (1 mg), L-histidine hydrochloride monohydrate (3 mg), lysine hydrochloride (7 mg), polysorbate 80 (0.4 mg), trehalose (36 mg), and Water for Injection, USP.",0.8,,47.91,polysorbate 80,0.05,131.46,4.5,4.0,histidine,17.89,,,,,,,,,,,,,,,,False
alemtuzumab,4f5f7255-7abc-4328-bd1a-ceaf139ef3e0,CAMPATH (ALEMTUZUMAB) INJECTION [GENZYME CORPORATION],"Nov 19, 2025",intravenous,False,0.0,"Each single-dose vial of CAMPATH contains 30 mg alemtuzumab, 8.0 mg sodium chloride, 1.44 mg dibasic sodium phosphate, 0.2 mg potassium chloride, 0.2 mg monobasic potassium phosphate, 0.1 mg polysorbate 80, and 0.0187 mg disodium edetate dihydrate.",,,,,,,,0.0,,,7.1,True,False,,,,,,,,,,,,,False
alemtuzumab,6236b0bc-82e9-4447-9a78-f57d94770269,"LEMTRADA (ALEMTUZUMAB) INJECTION, SOLUTION, CONCENTRATE [GENZYME CORPORATION]","Nov 19, 2025",intravenous,False,0.0,"Each 1 mL of solution contains 10 mg alemtuzumab, dibasic sodium phosphate (1.15 mg), disodium edetate dihydrate (0.0187 mg), polysorbate 80 (0.1 mg), potassium chloride (0.2 mg), potassium dihydrogen phosphate (0.2 mg), sodium chloride (8 mg), and Water for Injection, USP.",1.0,,,polysorbate 80,0.01,,,5.0,,,7.2,False,False,136.89,,,,,,,,,,,,False
alirocumab,446f6b5c-0dd4-44ff-9bc2-c2b41f2806b4,"PRALUENT (ALIROCUMAB) INJECTION, SOLUTION [SANOFI-AVENTIS U.S. LLC]","Jul 24, 2026",subcutaneous,False,0.0,"Each 75 mg/mL pre-filled pen contains 75 mg alirocumab, histidine (8 mM), polysorbate 20 (0.1 mg), sucrose (100 mg), and Water for Injection USP, to pH 6.0.",,75.0,,,,,,0.0,,,6.0,False,True,,146.0,,,,,,,,,,,False
alirocumab,446f6b5c-0dd4-44ff-9bc2-c2b41f2806b4,"PRALUENT (ALIROCUMAB) INJECTION, SOLUTION [SANOFI-AVENTIS U.S. LLC]","Jul 24, 2026",subcutaneous,False,1.0,"Each 150 mg/mL pre-filled pen contains 150 mg alirocumab, histidine (6 mM), polysorbate 20 (0.1 mg), sucrose (100 mg), and Water for Injection USP, to pH 6.0.",,150.0,,,,,,0.0,,,6.0,False,True,,146.0,,,,,,,,,,,False
alirocumab,7bcfbac2-e8ac-4569-8edc-bcde3b1fd172,"PRALUENT (ALIROCUMAB) INJECTION, SOLUTION [REGENERON PHARMACEUTICALS, INC.]","Jul 24, 2026",subcutaneous,False,0.0,"Each 75 mg/mL pre-filled pen contains 75 mg alirocumab, histidine (8 mM), polysorbate 20 (0.1 mg), sucrose (100 mg), and Water for Injection USP, to pH 6.0.",,75.0,,,,,,0.0,,,6.0,False,True,,146.0,,,,,,,,,,,False
alirocumab,7bcfbac2-e8ac-4569-8edc-bcde3b1fd172,"PRALUENT (ALIROCUMAB) INJECTION, SOLUTION [REGENERON PHARMACEUTICALS, INC.]","Jul 24, 2026",subcutaneous,False,1.0,"Each 150 mg/mL pre-filled pen contains 150 mg alirocumab, histidine (6 mM), polysorbate 20 (0.1 mg), sucrose (100 mg), and Water for Injection USP, to pH 6.0.",,150.0,,,,,,0.0,,,6.0,False,True,,146.0,,,,,,,,,,,False
ansuvimab,de220c8f-ffcb-4522-a6a2-c7d6ce5de1b5,"EBANGA (ANSUVIMAB) INJECTION, POWDER, LYOPHILIZED, FOR SOLUTION [EMERGENT BIODEFENSE OPERATIONS LANSING LLC]","Aug 17, 2026",,True,0.0,"Each single-dose vial delivers 400 mg of ansuvimab-zykl, and L-histidine (12.4 mg), L-histidine HCl (16.8 mg), polysorbate 80 (1.6 mg), and sucrose (657 mg).",,,,,,,,0.0,,,6.0,False,False,,147.0,,,,,,,,,,,False
ansuvimab,9c008384-379d-48d3-b5a5-9809ed0f655c,"EBANGA (ANSUVIMAB) KIT [RIDGEBACK BIOTHERAPEUTICS, LP]","Feb 12, 2025",,True,0.0,"Each single-dose vial delivers 400 mg of ansuvimab-zykl, and L-histidine (12.4 mg), L-histidine HCl (16.8 mg), polysorbate 80 (1.6 mg), and sucrose (657 mg).",,,,,,,,0.0,,,6.0,False,False,,147.0,,,,,,,,,,,False
amivantamab,1466c070-9f97-4fa4-a955-6a6b59981fb8,"RYBREVANT (AMIVANTAMAB-VMJW) INJECTION [JANSSEN BIOTECH, INC.]","Jul 13, 2026",intravenous,False,0.0,"Each RYBREVANT vial contains 350 mg (50 mg/mL) amivantamab-vmjw, EDTA disodium salt dihydrate (0.14 mg), L-histidine (2.3 mg), L-histidine hydrochloride monohydrate (8.6 mg), L-methionine (7 mg), polysorbate 80 (4.2 mg), sucrose (595 mg), and water for injection, USP.",,50.0,,,,,,0.0,,,,,,,148.0,,,,,,,,,,,False
amivantamab,9e58b045-e352-4f62-99bf-77fae1bebc69,"RYBREVANT FASPRO (AMIVANTAMAB AND HYALURONIDASE-LPUJ (HUMAN RECOMBINANT)) INJECTION [JANSSEN BIOTECH, INC.]","Jun 23, 2026",subcutaneous,False,0.0,"Each RYBREVANT FASPRO 10 mL single-dose vial contains 1,600 mg of amivantamab and 20,000 units of hyaluronidase (human recombinant), edetate disodium (0.18 mg), glacial acetic acid (1.9 mg), methionine (10 mg), polysorbate 80 (6 mg), sodium acetate (22.1 mg), sucrose (710 mg), and Water for Injection, USP.",,,,,,,,0.0,,,2.0,False,False,,148.0,,,,,,,,,,,False
amivantamab,9e58b045-e352-4f62-99bf-77fae1bebc69,"RYBREVANT FASPRO (AMIVANTAMAB AND HYALURONIDASE-LPUJ (HUMAN RECOMBINANT)) INJECTION [JANSSEN BIOTECH, INC.]","Jun 23, 2026",subcutaneous,False,1.0,"Each RYBREVANT FASPRO 14 mL single-dose vial contains 2,240 mg of amivantamab and 28,000 units of hyaluronidase (human recombinant), edetate disodium (0.25 mg), glacial acetic acid (2.6 mg), methionine (14 mg), polysorbate 80 (8.4 mg), sodium acetate (30.9 mg), sucrose (994 mg), and Water for Injection, USP.",,,,,,,,0.0,,,2.0,False,False,,148.0,,,,,,,,,,,False
amivantamab,9e58b045-e352-4f62-99bf-77fae1bebc69,"RYBREVANT FASPRO (AMIVANTAMAB AND HYALURONIDASE-LPUJ (HUMAN RECOMBINANT)) INJECTION [JANSSEN BIOTECH, INC.]","Jun 23, 2026",subcutaneous,False,2.0,"Each RYBREVANT FASPRO 15 mL single-dose vial contains 2,400 mg of amivantamab and 30,000 units of hyaluronidase (human recombinant), edetate disodium (0.27 mg), glacial acetic acid (2.8 mg), methionine (15 mg), polysorbate 80 (9 mg), sodium acetate (33.1 mg), sucrose (1,065 mg), and Water for Injection, USP.",,,,,,,,0.0,,,2.0,False,False,,148.0,,,,,,,,,,,False
amivantamab,9e58b045-e352-4f62-99bf-77fae1bebc69,"RYBREVANT FASPRO (AMIVANTAMAB AND HYALURONIDASE-LPUJ (HUMAN RECOMBINANT)) INJECTION [JANSSEN BIOTECH, INC.]","Jun 23, 2026",subcutaneous,False,3.0,"Each RYBREVANT FASPRO 22 mL single-dose vial contains 3,520 mg of amivantamab and 44,000 units of hyaluronidase (human recombinant), edetate disodium (0.4 mg), glacial acetic acid (4.1 mg), methionine (22 mg), polysorbate 80 (13.2 mg), sodium acetate (48.6 mg), sucrose (1,562 mg), and Water for Injection, USP.",,,,,,,,0.0,,,2.0,False,False,,148.0,,,,,,,,,,,False
avelumab,5cd725a1-2fa4-408a-a651-57a7b84b2118,"BAVENCIO (AVELUMAB) INJECTION, SOLUTION, CONCENTRATE [EMD SERONO, INC.]","Aug 27, 2026",intravenous,False,0.0,"Each mL contains 20 mg avelumab, D-mannitol (51 mg), glacial acetic acid (0.6 mg), polysorbate 20 (0.5 mg), sodium hydroxide (0.3 mg), and Water for Injection.",,,,,,,,0.0,,,,,,,147.0,,,,,,,,,,,False
basiliximab,1af01887-b69d-444b-91ed-ebfe12784440,"SIMULECT (BASILIXIMAB) INJECTION, POWDER, FOR SOLUTION [NOVARTIS PHARMACEUTICALS CORPORATION]","Dec 15, 2025",intravenous,True,0.0,"Each 10-mg vial contains 10 mg of basiliximab, and dibasic sodium phosphate (anhydrous) (0.50 mg), glycine (20.3 mg), mannitol (40.6 mg), monobasic potassium phosphate (3.66 mg), sodium chloride (0.82 mg), and sucrose (10.1 mg) to be reconstituted in 2.5 mL of Sterile Water for Injection, USP.",2.5,,,,,,,5.0,,,,,,5.61,,108.17,89.15,1.624,11.8,0.404,,,,,,False
basiliximab,1af01887-b69d-444b-91ed-ebfe12784440,"SIMULECT (BASILIXIMAB) INJECTION, POWDER, FOR SOLUTION [NOVARTIS PHARMACEUTICALS CORPORATION]","Dec 15, 2025",intravenous,True,1.0,"Each 20-mg vial contains 20 mg of basiliximab, and dibasic sodium phosphate (anhydrous) (0.99 mg), glycine (40.1 mg), mannitol (80.1 mg), monobasic potassium phosphate (7.22 mg), sodium chloride (1.61 mg), and sucrose (20 mg) to be reconstituted in 5 mL of Sterile Water for Injection, USP.",5.0,,,,,,,5.0,,,,,,5.51,,106.83,87.94,1.602,11.69,0.4,,,,,,False
bedinvetmab,61c7b4e0-aab6-4cf5-8471-f94be438c758,"LIBRELA (BEDINVETMAB INJECTION) INJECTION, SOLUTION [ZOETIS INC.]","Feb 24, 2025",,False,0.0,"DESCRIPTION LIBRELA (bedinvetmab injection) is a sterile injectable solution containing 5, 10, 15, 20, or 30 mg/mL of bedinvetmab in 20 mM histidine buffer pH 5.0 [(0.027% w/v L- histidine and 0.382% w/v histidine HCl monohydrate), 8.5% w/v trehalose dihydrate, 0.005% w/v disodium EDTA dihydrate, 0.01% w/v L-methionine, and 0.1% w/v poloxamer 188].",,30.0,,,,,,0.0,,,5.0,False,True,,,,,,,,,,,,,False
belantamab,aef7c34c-fef8-407c-99c0-a68aded53c60,"BLENREP (BELANTAMAB MAFODOTIN) INJECTION, POWDER, FOR SOLUTION [GLAXOSMITHKLINE LLC]","Nov 17, 2025",intravenous,True,0.0,"Each mL of reconstituted solution contains belantamab mafodotin‑blmf (50 mg) and the inactive ingredients, citric acid monohydrate (0.46 mg), edetate disodium (0.017 mg), polysorbate 80 (0.2 mg), sodium citrate (5.88 mg), and trehalose (68.4 mg).",,,,,,,,0.0,,,,,,,,,,,,,,,,,,False
belimumab,2fa3c528-1777-4628-8a55-a69dae2381a3,"BENLYSTA (BELIMUMAB) INJECTION, POWDER, LYOPHILIZED, FOR SOLUTION BENLYSTA (BELIMUMAB) SOLUTION [GLAXOSMITHKLINE LLC]","Sep 02, 2026",subcutaneous,True,0.0,"Each mL delivers 80 mg belimumab, citric acid (0.16 mg), polysorbate 80 (0.4 mg), sodium citrate (2.7 mg), and sucrose (80 mg), with a pH of 6.5.",,,,,,,,0.0,,,6.5,False,True,,147.0,,,,,,,,,,,False
belimumab,2fa3c528-1777-4628-8a55-a69dae2381a3,"BENLYSTA (BELIMUMAB) INJECTION, POWDER, LYOPHILIZED, FOR SOLUTION BENLYSTA (BELIMUMAB) SOLUTION [GLAXOSMITHKLINE LLC]","Sep 02, 2026",subcutaneous,True,1.0,"Each 1 mL delivers 200 mg belimumab, L-arginine hydrochloride (5.3 mg), L-histidine (0.65 mg), L-histidine monohydrochloride (1.2 mg), polysorbate 80 (0.1 mg), and sodium chloride (6.7 mg), with a pH of 6.0.",1.0,,,polysorbate 80,0.01,,,4.0,histidine,11.92,6.0,False,True,114.65,147.0,,,,,,,,,,,True
atezolizumab,6fa682c9-a312-4932-9831-f286908660ee,"TECENTRIQ (ATEZOLIZUMAB) INJECTION, SOLUTION [GENENTECH, INC.]","May 28, 2026",intravenous,False,0.0,"Each 20 mL vial contains 1200 mg of atezolizumab and is formulated in glacial acetic acid (16.5 mg), L-histidine (62 mg), polysorbate 20 (8 mg), and sucrose (821.6 mg), with a pH of 5.8.",20.0,,,polysorbate 20,0.04,,,3.0,histidine,19.98,5.8,False,True,,,,,,120.01,4.108,,,,,,True
atezolizumab,6fa682c9-a312-4932-9831-f286908660ee,"TECENTRIQ (ATEZOLIZUMAB) INJECTION, SOLUTION [GENENTECH, INC.]","May 28, 2026",intravenous,False,1.0,"Each 14 mL vial contains 840 mg of atezolizumab and is formulated in glacial acetic acid (11.5 mg), L-histidine (43.4 mg), polysorbate 20 (5.6 mg), and sucrose (575.1 mg) with a pH of 5.8.",14.0,,,polysorbate 20,0.04,,,3.0,histidine,19.98,5.8,False,True,,,,,,120.01,4.1079,,,,,,True
atezolizumab,a617b089-ce66-464b-987b-b45d029b4d6f,"TECENTRIQ HYBREZA (ATEZOLIZUMAB AND HYALURONIDASE-TQJS) INJECTION [GENENTECH, INC.]","May 28, 2026",subcutaneous,False,0.0,"Each 15 mL single-dose vial contains 1,875 mg of atezolizumab, 30,000 units of hyaluronidase, histidine (46.5 mg), methionine (22.4 mg), polysorbate 20 (9 mg), sucrose (1,232 mg), and water for injection, adjusted to pH 5.8 with acetic acid.",15.0,,,polysorbate 20,0.06,,,2.0,,,5.8,False,True,,61.0,,,,,,10.01,,,,,False
benralizumab,da6aca1a-19ed-44a4-abb7-696c7d58b784,"FASENRA (BENRALIZUMAB) INJECTION, SOLUTION [ASTRAZENECA PHARMACEUTICALS LP]","May 28, 2026",subcutaneous,False,0.0,"Each 10 mg single-dose prefilled syringe delivers 0.5 mL containing 10 mg benralizumab, L-histidine (0.7 mg); L-histidine hydrochloride monohydrate (1.2 mg); polysorbate 20 (0.03 mg); α,α‑trehalose dihydrate (47 mg); and Water for Injection, USP, at pH of 5.5 – 6.5.",0.5,,,polysorbate 20,0.006,248.46,9.4,3.0,histidine,11.45,6.0,True,True,,150.0,,,,,,,,,,,True
benralizumab,da6aca1a-19ed-44a4-abb7-696c7d58b784,"FASENRA (BENRALIZUMAB) INJECTION, SOLUTION [ASTRAZENECA PHARMACEUTICALS LP]","May 28, 2026",subcutaneous,False,1.0,"Each 30 mg single-dose prefilled syringe or single-dose autoinjector delivers 1 mL containing 30 mg benralizumab, L-histidine (1.4 mg); L-histidine hydrochloride monohydrate (2.3 mg); polysorbate 20 (0.06 mg); α,α‑trehalose dihydrate (95 mg); and Water for Injection, USP, at pH of 5.5 – 6.5.",1.0,,,polysorbate 20,0.006,251.1,9.5,3.0,histidine,10.97,6.0,True,True,,150.0,,,,,,,,,,,True
bezlotoxumab,8f479bfe-2bfa-4cc5-9aee-1357364480b0,"ZINPLAVA (BEZLOTOXUMAB) INJECTION, SOLUTION [MERCK SHARP & DOHME LLC]","Nov 17, 2025",intravenous,False,0.0,"Each mL of solution contains bezlotoxumab (25 mg), citric acid monohydrate (0.8 mg), diethylenetriaminepentaacetic acid (0.0078 mg), polysorbate 80 (0.25 mg), sodium chloride (8.77 mg), sodium citrate dihydrate (4.75 mg), and Water for Injection, USP.",,,,,,,,0.0,,,,,,,148.2,,,,,,,,,,,False
adalimumab,1ac7d061-3380-468c-b077-c05f8dfbc829,"HYRIMOZ (ADALIMUMAB-ADAZ) INJECTION, SOLUTION HYRIMOZ (ADALIMUMAB-ADAZ) KIT [SANDOZ INC]","Aug 19, 2026",subcutaneous,False,0.0,"Each 0.8 mL of HYRIMOZ contains adalimumab-adaz (80 mg), adipic acid (1.75 mg), mannitol (33.6 mg), polysorbate 80 (0.32 mg), and Water for Injection, USP.",0.8,,,polysorbate 80,0.04,,,3.0,,,5.2,False,False,,148.0,,230.55,4.2,,,,,,,,False
adalimumab,1ac7d061-3380-468c-b077-c05f8dfbc829,"HYRIMOZ (ADALIMUMAB-ADAZ) INJECTION, SOLUTION HYRIMOZ (ADALIMUMAB-ADAZ) KIT [SANDOZ INC]","Aug 19, 2026",subcutaneous,False,1.0,"Each 0.4 mL of HYRIMOZ contains adalimumab-adaz (40 mg), adipic acid (0.88 mg), mannitol (16.8 mg), polysorbate 80 (0.16 mg) and Water for Injection, USP.",0.4,,,polysorbate 80,0.04,,,3.0,,,5.2,False,False,,148.0,,230.55,4.2,,,,,,,,False
adalimumab,1ac7d061-3380-468c-b077-c05f8dfbc829,"HYRIMOZ (ADALIMUMAB-ADAZ) INJECTION, SOLUTION HYRIMOZ (ADALIMUMAB-ADAZ) KIT [SANDOZ INC]","Aug 19, 2026",subcutaneous,False,2.0,"Each 0.8 mL of HYRIMOZ contains adalimumab-adaz (40 mg), adipic acid (2.69 mg), citric acid monohydrate (0.206 mg), mannitol (9.6 mg), polysorbate 80 (0.8 mg), sodium chloride (4.93 mg), and Water for Injection, USP.",0.8,,,polysorbate 80,0.1,,,5.0,citrate,1.23,5.2,False,False,105.45,148.0,,65.87,1.2,,,,,,,,True
adalimumab,1ac7d061-3380-468c-b077-c05f8dfbc829,"HYRIMOZ (ADALIMUMAB-ADAZ) INJECTION, SOLUTION HYRIMOZ (ADALIMUMAB-ADAZ) KIT [SANDOZ INC]","Aug 19, 2026",subcutaneous,False,3.0,"Each 0.4 mL of HYRIMOZ contains adalimumab-adaz (20 mg), adipic acid (1.34 mg), citric acid monohydrate (0.103 mg), mannitol (4.8 mg), polysorbate 80 (0.4 mg), sodium chloride (2.46 mg), and Water for Injection, USP.",0.4,,,polysorbate 80,0.1,,,5.0,citrate,1.23,5.2,False,False,105.24,148.0,,65.87,1.2,,,,,,,,True
adalimumab,1ac7d061-3380-468c-b077-c05f8dfbc829,"HYRIMOZ (ADALIMUMAB-ADAZ) INJECTION, SOLUTION HYRIMOZ (ADALIMUMAB-ADAZ) KIT [SANDOZ INC]","Aug 19, 2026",subcutaneous,False,4.0,"Each 0.2 mL of HYRIMOZ contains adalimumab-adaz (20 mg), adipic acid (0.44 mg), mannitol (8.4 mg), polysorbate 80 (0.08 mg) and Water for Injection, USP.",0.2,,,polysorbate 80,0.04,,,3.0,,,5.2,False,False,,148.0,,230.55,4.2,,,,,,,,False
adalimumab,1ac7d061-3380-468c-b077-c05f8dfbc829,"HYRIMOZ (ADALIMUMAB-ADAZ) INJECTION, SOLUTION HYRIMOZ (ADALIMUMAB-ADAZ) KIT [SANDOZ INC]","Aug 19, 2026",subcutaneous,False,5.0,"Each 0.1 mL of HYRIMOZ contains adalimumab-adaz (10 mg), adipic acid (0.22 mg), mannitol (4.2 mg), polysorbate 80 (0.04 mg) and Water for Injection, USP.",0.1,,,polysorbate 80,0.04,,,3.0,,,5.2,False,False,,148.0,,230.55,4.2,,,,,,,,False
adalimumab,1602cfaf-9ddd-4eb6-b847-10a4eebcf5e5,ABRILADA (ADALIMUMAB-AFZB) KIT [A-S MEDICATION SOLUTIONS],"Aug 17, 2026",subcutaneous,False,0.0,"Each 0.8 mL of ABRILADA contains adalimumab-afzb (40 mg), edetate disodium dihydrate (0.04 mg), L-histidine (0.63mg), L-histidine hydrochloride monohydrate (2.51 mg), L-methionine (0.16 mg), polysorbate 80 (0.16 mg), sucrose (68 mg), and Water for Injection, USP.",0.8,,,polysorbate 80,0.02,,,6.0,histidine,20.04,5.5,False,False,,148.0,,,,248.32,8.5,1.34,,,,,True
adalimumab,1602cfaf-9ddd-4eb6-b847-10a4eebcf5e5,ABRILADA (ADALIMUMAB-AFZB) KIT [A-S MEDICATION SOLUTIONS],"Aug 17, 2026",subcutaneous,False,1.0,"Each 0.4 mL of ABRILADA contains adalimumab-afzb (20 mg), edetate disodium dihydrate (0.02 mg), L-histidine (0.314 mg), L-histidine hydrochloride monohydrate (1.253 mg), L-methionine (0.08 mg), polysorbate 80 (0.08 mg), sucrose (34 mg), and Water for Injection, USP.",0.4,,,polysorbate 80,0.02,,,6.0,histidine,20.0,5.5,False,False,,148.0,,,,248.32,8.5,1.34,,,,,True
adalimumab,1602cfaf-9ddd-4eb6-b847-10a4eebcf5e5,ABRILADA (ADALIMUMAB-AFZB) KIT [A-S MEDICATION SOLUTIONS],"Aug 17, 2026",subcutaneous,False,2.0,"Each 0.2 mL of ABRILADA contains adalimumab-afzb (10 mg), edetate disodium dihydrate (0.01 mg), L-histidine (0.157 mg), L-histidine hydrochloride monohydrate (0.626 mg), L-methionine (0.04 mg), polysorbate 80 (0.04 mg), sucrose (17 mg), and Water for Injection, USP.",0.2,,,polysorbate 80,0.02,,,6.0,histidine,19.99,5.5,False,False,,148.0,,,,248.32,8.5,1.34,,,,,True
adalimumab,12f609c9-2088-bb05-e063-6394a90a9ecc,"SIMLANDI (ADALIMUMAB-RYVK) KIT [TEVA PHARMACEUTICALS USA, INC.]","Jul 22, 2026",subcutaneous,False,0.0,"Each 0.8 mL of SIMLANDI contains adalimumab-ryvk (80 mg), polysorbate 80 (0.80 mg), sodium chloride (0.47 mg), sucrose (69.83 mg), and Water for Injection, USP.",0.8,,,polysorbate 80,0.1,,,3.0,,,5.3,True,False,10.05,148.0,,,,255.0,8.7287,,,,,,False
adalimumab,12f609c9-2088-bb05-e063-6394a90a9ecc,"SIMLANDI (ADALIMUMAB-RYVK) KIT [TEVA PHARMACEUTICALS USA, INC.]","Jul 22, 2026",subcutaneous,False,1.0,"Each 0.4 mL of SIMLANDI contains adalimumab-ryvk (40 mg), polysorbate 80 (0.40 mg), sodium chloride (0.23 mg), sucrose (34.9 mg), and Water for Injection, USP.",0.4,,,polysorbate 80,0.1,,,3.0,,,5.3,True,False,9.84,148.0,,,,254.89,8.725,,,,,,False
adalimumab,12f609c9-2088-bb05-e063-6394a90a9ecc,"SIMLANDI (ADALIMUMAB-RYVK) KIT [TEVA PHARMACEUTICALS USA, INC.]","Jul 22, 2026",subcutaneous,False,2.0,"Each 0.2 mL of SIMLANDI contains adalimumab-ryvk (20 mg), polysorbate 80 (0.20 mg), sodium chloride (0.12 mg), sucrose (17.46 mg), and Water for Injection, USP.",0.2,,,polysorbate 80,0.1,,,3.0,,,5.3,True,False,10.27,148.0,,,,255.04,8.73,,,,,,False
adalimumab,5cde907d-6747-0e62-db25-1718ee717fe7,ADALIMUMAB (ADALIMUMAB-FKJP) KIT [BIOCON BIOLOGICS INC],"Jul 22, 2026",subcutaneous,False,0.0,"Each 0.8 mL of Adalimumab-fkjp contains adalimumab-fkjp (40 mg), methionine (0.60 mg), monosodium glutamate (1.50 mg), polysorbate 80 (0.80 mg), sorbitol (38.2 mg) and Water for Injection, USP.",0.8,,,polysorbate 80,0.1,,,4.0,glutamate,12.74,5.2,False,False,,148.0,,,,,,5.03,262.12,4.775,,,True
adalimumab,5cde907d-6747-0e62-db25-1718ee717fe7,ADALIMUMAB (ADALIMUMAB-FKJP) KIT [BIOCON BIOLOGICS INC],"Jul 22, 2026",subcutaneous,False,1.0,"Each 0.4 mL of Adalimumab-fkjp contains adalimumab-fkjp (20 mg), methionine (0.30 mg), monosodium glutamate (0.75 mg), polysorbate 80 (0.40 mg), sorbitol (19.1 mg) and Water for Injection, USP.",0.4,,,polysorbate 80,0.1,,,4.0,glutamate,12.74,5.2,False,False,,148.0,,,,,,5.03,262.12,4.775,,,True
brodalumab,1a550c33-456a-4833-814e-8591aea7c688,SILIQ (BRODALUMAB) INJECTION [BAUSCH HEALTH US LLC],"Jun 10, 2026",subcutaneous,False,,,,,,,,,,,,,,,,,,,,,,,,,,,,False
blinatumomab,38b482a8-960b-4591-9857-5031ecb830aa,"BLINCYTO (BLINATUMOMAB) KIT [AMGEN, INC]","Apr 22, 2026",intravenous,True,0.0,"Each single-dose vial of BLINCYTO contains 35 mcg blinatumomab, citric acid monohydrate (3.35 mg), lysine hydrochloride (23.23 mg), polysorbate 80 (0.64 mg), trehalose dihydrate (95.5 mg), and sodium hydroxide to adjust pH to 7.0.",,,,,,,,0.0,,,,,,,54.0,,,,,,,,,,,False
bimekizumab,26b88358-871f-4c80-9d80-b2fb16477f81,"BIMZELX (BIMEKIZUMAB) INJECTION, SOLUTION [UCB, INC.]","Jun 18, 2025",subcutaneous,False,0.0,"Each BIMZELX 1 mL (160 mg/mL) prefilled syringe or prefilled autoinjector delivers 1 mL containing 160 mg bimekizumab-bkzx, glacial acetic acid (1.23 mg), glycine (16.5 mg), polysorbate 80 (0.4 mg), sodium acetate (2.83 mg), and Water for Injection, USP at pH 5.1.",1.0,160.0,,polysorbate 80,0.04,,,3.0,acetate,34.5,5.1,False,True,,150.0,219.79,,,,,,,,,,True
bimekizumab,26b88358-871f-4c80-9d80-b2fb16477f81,"BIMZELX (BIMEKIZUMAB) INJECTION, SOLUTION [UCB, INC.]","Jun 18, 2025",subcutaneous,False,1.0,"Each BIMZELX 2 mL (160 mg/mL) prefilled syringe or prefilled autoinjector delivers 2 mL containing 320 mg bimekizumab-bkzx, glacial acetic acid (2.46 mg), glycine (33.0 mg), polysorbate 80 (0.8 mg), sodium acetate (5.65 mg), and Water for Injection, USP at pH 5.1.",2.0,160.0,,polysorbate 80,0.04,,,3.0,acetate,34.44,5.1,False,True,,150.0,219.79,,,,,,,,,,True
brolucizumab,5d1dc1fa-a2d3-46ed-9e9a-c1a036590d3d,"BEOVU (BROLUCIZUMAB) INJECTION, SOLUTION [NOVARTIS PHARMACEUTICALS CORPORATION]","Nov 17, 2025",,False,0.0,"Each single-dose pre-filled syringe and vial is designed to deliver 0.05 mL of solution containing 6 mg brolucizumab-dbll, polysorbate 80 (0.02%), sodium citrate (10 mM), sucrose (5.8%), and Water for Injection, USP and with a pH of approximately 7.2.",0.05,,,,,,,2.0,citrate,10.0,7.2,False,True,,,,,,,5.8,,,,,,True
brentuximab,3904f8dd-1aef-3490-e48f-bd55f32ed67f,"ADCETRIS (BRENTUXIMAB VEDOTIN) INJECTION, POWDER, LYOPHILIZED, FOR SOLUTION [SEAGEN INC.]","Nov 17, 2025",,True,0.0,"The reconstituted product contains 70 mg/mL trehalose dihydrate, 5.6 mg/mL sodium citrate dihydrate, 0.21 mg/mL citric acid monohydrate, and 0.20 mg/mL polysorbate 80 and water for injection.",,70.0,,,,,,0.0,,,,,,,153.0,,,,,,,,,,,False
burosumab,102f96a0-6e3a-4fc1-b204-34d604683af6,"CRYSVITA (BUROSUMAB) INJECTION [KYOWA KIRIN, INC.]","Jul 03, 2026",subcutaneous,False,0.0,"Each 1 mL of solution contains 10 mg, 20 mg or 30 mg of burosumab-twza, L-histidine (1.55 mg), L-methionine (1.49 mg), polysorbate 80 (0.5 mg), D-sorbitol (45.91 mg) in Water for Injection, USP.",1.0,,,polysorbate 80,0.05,,,3.0,,,6.25,False,False,,,,,,,,9.99,252.02,4.591,,,False
caplacizumab,2348f06e-8004-4040-832e-e9e86a39f905,CABLIVI (CAPLACIZUMAB) KIT [GENZYME CORPORATION],"Apr 28, 2026",,True,0.0,"Each single-dose vial delivers 11 mg caplacizumab-yhdp, anhydrous citric acid (0.18 mg), polysorbate 80 (0.10 mg), sucrose (62 mg), and trisodium citrate dihydrate (4.91 mg).",,,,,,,,0.0,,,6.5,False,False,,28.0,,,,,,,,,,,False
cemiplimab,4347ae1f-d397-4f18-8b70-03897e1c054a,"LIBTAYO (CEMIPLIMAB-RWLC) INJECTION [REGENERON PHARMACEUTICALS, INC.]","May 20, 2026",intravenous,False,0.0,"Each mL contains cemiplimab-rwlc 50 mg, L-histidine (0.74 mg), L-histidine monohydrochloride monohydrate (1.1 mg), sucrose (50 mg), L-proline (15 mg), polysorbate 80 (2 mg), and Water for Injection, USP.",,,,,,,,0.0,,,6.0,False,False,,146.0,,,,,,,,,,,False
canakinumab,7d271f3b-e4f9-4d80-8dcf-28d49123f80e,"ILARIS (CANAKINUMAB) INJECTION, SOLUTION [NOVARTIS PHARMACEUTICALS CORPORATION]","Jun 10, 2026",subcutaneous,False,0.0,"Each vial delivers 1 mL containing 150 mg canakinumab, L-histidine (2.1 mg), L-histidine HCl monohydrate (1.3 mg), mannitol (49.2 mg), polysorbate 80 (0.4 mg), and Sterile Water for Injection.",1.0,,,polysorbate 80,0.04,,,3.0,histidine,6.2,,,,,,,270.08,4.92,,,,,,,,False
certolizumab,b4c2c9dc-a0bb-4d64-a667-a67ebe88392d,"CIMZIA (CERTOLIZUMAB PEGOL) KIT CIMZIA (CERTOLIZUMAB PEGOL) INJECTION, SOLUTION [UCB, INC.]","Feb 26, 2026",subcutaneous,True,0.0,"Each single-dose vial provides 200 mg certolizumab pegol, lactic acid (0.9 mg), polysorbate (0.1 mg), and sucrose (100 mg).",,,,,,,,0.0,,,5.2,False,False,,,,,,,,,,,,,False
certolizumab,b4c2c9dc-a0bb-4d64-a667-a67ebe88392d,"CIMZIA (CERTOLIZUMAB PEGOL) KIT CIMZIA (CERTOLIZUMAB PEGOL) INJECTION, SOLUTION [UCB, INC.]","Feb 26, 2026",subcutaneous,True,1.0,"Each prefilled syringe delivers 1 mL of solution containing 200 mg certolizumab pegol, sodium acetate (1.36 mg), sodium chloride (7.31 mg), and Water for Injection, USP.",1.0,,,,,,,1.0,,,5.2,False,False,125.09,,,,,,,,,,,,False
cosibelimab,06bdadd5-d2db-406f-a3f8-de47f48a52e3,"UNLOXCYT (COSIBELIMAB) INJECTION, SOLUTION [SUN PHARMACEUTICAL INDUSTRIES, INC.]","Dec 09, 2025",intravenous,False,0.0,"Each mL of solution contains 60 mg of cosibelimab-ipdl, acetic acid (0.24 mg), mannitol (37.35 mg), polysorbate 80 (1.1 mg), sodium acetate (1.31 mg), sodium chloride (4.09 mg), and Water for Injection, USP.",,,,,,,,0.0,,,5.3,False,False,,147.0,,,,,,,,,,,False
cetuximab,8bc6397e-4bd8-4d37-a007-a327e4da34d9,ERBITUX (CETUXIMAB) SOLUTION [IMCLONE LLC],"Apr 30, 2026",intravenous,False,0.0,"Each 1 mL of solution contains 2 mg of cetuximab, sodium chloride (8.48 mg), sodium phosphate dibasic heptahydrate (1.88 mg), sodium phosphate monobasic monohydrate (0.41 mg), and Water for Injection, USP at pH of 7.0 to 7.4.",1.0,,,,,,,2.0,phosphate,9.98,7.2,True,True,,152.0,,,,,,,,,,,True
bevacizumab,4cdcccda-7b9a-49d0-ac50-f4605a3c0ebe,"VEGZELMA (BEVACIZUMAB-ADCD) INJECTION, SOLUTION [CELLTRION USA, INC.]","Aug 31, 2026",intravenous,False,0.0,"Each mL of solution contains 25 mg bevacizumab-adcd, dibasic sodium phosphate (1.2 mg), monobasic sodium phosphate (5 mg), polysorbate 20 (0.4 mg), trehalose (54.3 mg), and Water for Injection, USP.",,,,,,,,0.0,,,,,,,149.0,,,,,,,,,,,False
bevacizumab,7f9a3014-b3d4-4943-a83a-92a77d8f947c,"LYTENAVA (BEVACIZUMAB-VIKG) INJECTION [OUTLOOK THERAPEUTICS, INC.]","Aug 07, 2026",,False,0.0,"LYTENAVA is supplied in a single-dose vial designed to deliver 0.05 mL of 25 mg/mL (1.25 mg) aqueous solution that also contains dibasic sodium phosphate (0.06 mg), monobasic sodium phosphate (0.29 mg), polysorbate 20 (0.02 mg), trehalose (2.71 mg), and Water for Injection.",0.05,25.0,,polysorbate 20,0.04,158.34,5.42,4.0,phosphate,49.31,,,,,149.0,,,,,,,,,,,False
bevacizumab,aa27acbd-d117-4350-aeee-17bc2e2c0ca4,"ZIRABEV (BEVACIZUMAB-BVZR) INJECTION, SOLUTION [PFIZER LABORATORIES DIV PFIZER INC]","Jul 23, 2026",intravenous,False,0.0,"Each mL of solution contains 25 mg bevacizumab-bvzr, edetate disodium dihydrate (0.05 mg), polysorbate 80 (0.2 mg), succinic acid (2.36 mg), sucrose (85 mg), and Water for Injection, USP.",,,,,,,,0.0,,,,,,,149.0,,,,,,,,,,,False
bevacizumab,70ab1de6-fb68-aee4-a6cb-f9a0f146687f,JOBEVNE (BEVACIZUMAB-NWGD) INJECTION [BIOCON BIOLOGICS INC.],"Jul 16, 2026",intravenous,False,0.0,"Each mL of solution contains 25 mg bevacizumab-nwgd, dibasic sodium phosphate (1.2 mg), monobasic sodium phosphate (4.5 mg), polysorbate 20 (0.4 mg), trehalose (54.3 mg) and Water for Injection, USP.",,,,,,,,0.0,,,,,,,149.0,,,,,,,,,,,False
concizumab,156f6404-1f6f-417f-bcf8-f07a27a82cc1,"ALHEMO (CONCIZUMAB) INJECTION, SOLUTION [NOVO NORDISK]","Aug 15, 2025",subcutaneous,False,0.0,"Each 1 mL of Alhemo single-patient-use prefilled pen contains the following excipients: arginine hydrochloride (5.27 mg), histidine (5.12 mg), phenol (3.5 mg), polysorbate 80 (0.25 mg), sodium chloride (1.46 mg), sucrose (51.3 mg), and water for injection.",1.0,,,polysorbate 80,0.025,,,6.0,histidine,33.0,,,,24.98,149.0,,,,149.87,5.13,,,,25.02,,False
crizanlizumab,b2b7f8b4-fe9a-4a86-8129-9e43f99a20c6,ADAKVEO (CRIZANLIZUMAB) INJECTION [NOVARTIS PHARMACEUTICALS CORPORATION],"Jun 08, 2026",intravenous,False,0.0,"Each 10 mL vial contains 100 mg crizanlizumab-tmca, citric acid (5.4 mg), polysorbate 80 (2 mg), sodium citrate (50.5 mg), sucrose (753.3 mg), and water for injection with a pH of 6.",10.0,,,polysorbate 80,0.02,,,3.0,citrate,19.57,6.0,False,True,,146.0,,,,220.07,7.533,,,,,,True
crovalimab,2597efc2-a97b-487c-b500-a67fd282a73b,"PIASKY (CROVALIMAB) INJECTION, SOLUTION [GENENTECH, INC.]","Dec 02, 2025",subcutaneous,False,0.0,"Each single-dose vial contains a 2 mL solution of crovalimab-akkz (340 mg), arginine hydrochloride (42.2 mg), histidine (9.4 mg), poloxamer 188 (1 mg), and Water for Injection USP.",,,,,,,,0.0,,,,,,,,,,,,,,,,,,False
datopotamab,2950227c-6230-4ca4-a135-46e44d9424a0,"DATROWAY (DATOPOTAMAB DERUXTECAN) INJECTION, POWDER, LYOPHILIZED, FOR SOLUTION [DAIICHI SANKYO INC.]","Jun 03, 2026",intravenous,True,0.0,"Each vial delivers 100 mg of datopotamab deruxtecan-dlnk, L-histidine (3.88 mg), L-histidine hydrochloride monohydrate (5.25 mg), polysorbate 80 (1.50 mg), and sucrose (450 mg).",,,,,,,,0.0,,,6.0,False,False,,,,,,,,,,,,,False
dinutuximab,d66bdf0d-9d65-45de-ae5b-a58617c27492,UNITUXIN (DINUTUXIMAB) INJECTION [UNITED THERAPEUTICS CORPORATION],"Jul 08, 2026",intravenous,False,0.0,"Each mL of solution contains 3.5 mg of dinutuximab, and histidine (3.10 mg), polysorbate 20 (0.55 mg), sodium chloride (8.77 mg), and Water for Injection, USP; hydrochloric acid is added to adjust pH to 6.8.",,,,,,,,0.0,,,,,,,150.0,,,,,,,,,,,False
donanemab,190352d4-ef62-4679-b4fa-e846e2766afa,"KISUNLA (DONANEMAB-AZBT) INJECTION, SOLUTION [ELI LILLY AND COMPANY]","Jan 02, 2026",intravenous,False,0.0,"Each mL of solution contains 17.5 mg donanemab-azbt, anhydrous citric acid (0.32 mg), polysorbate 80 (0.20 mg), sodium citrate (2.15 mg), sucrose (80 mg), and Water for Injection, USP, at a pH of 5.5 to 6.5.",,,,,,,,0.0,,,6.0,True,True,,145.0,,,,,,,,,,,False
dostarlimab,095eab9f-545a-4f12-bfb7-19477fb901a5,JEMPERLI (DOSTARLIMAB) INJECTION [GLAXOSMITHKLINE LLC],"Mar 30, 2026",,False,0.0,"Each mL of solution contains 50 mg of dostarlimab-gxly, citric acid monohydrate (0.48 mg), L-arginine hydrochloride (21.07 mg), polysorbate 80 (0.2 mg), sodium chloride (1.81 mg), trisodium citrate dihydrate (6.68 mg), and Water for Injection, USP.",,,,,,,,0.0,,,6.0,False,False,,,,,,,,,,,,,False
daratumumab,4bb241af-4299-4373-8762-2d6709515db0,"DARZALEX FASPRO (DARATUMUMAB AND HYALURONIDASE-FIHJ (HUMAN RECOMBINANT)) INJECTION [JANSSEN BIOTECH, INC.]","Sep 07, 2026",subcutaneous,False,0.0,"Each DARZALEX FASPRO 15 mL single-dose vial contains 1,800 mg of daratumumab and 30,000 units of hyaluronidase, L-histidine (4.9 mg), L-histidine hydrochloride monohydrate (18.4 mg), L-methionine (13.5 mg), polysorbate 20 (6 mg), sorbitol (735.1 mg), and Water for Injection, USP.",,,,,,,,0.0,,,2.0,False,False,,61.0,,,,,,,,,,,False
daratumumab,a4d0efe9-5e54-467e-9eb4-56fa7d53b60b,"DARZALEX (DARATUMUMAB) INJECTION, SOLUTION, CONCENTRATE DARZALEX IV (DARATUMUMAB) INJECTION, SOLUTION, CONCENTRATE [JANSSEN BIOTECH, INC.]","Jun 08, 2026",intravenous,False,0.0,"Each DARZALEX 20 mL single-dose vial contains (NDC 57894-502-20) 400 mg daratumumab, glacial acetic acid (3.7 mg), mannitol (510 mg), polysorbate 20 (8 mg), sodium acetate trihydrate (59.3 mg), sodium chloride (70.1 mg), and Water for Injection, USP.",,,,,,,,0.0,,,,,,,,,,,,,,,,,,False
daratumumab,a4d0efe9-5e54-467e-9eb4-56fa7d53b60b,"DARZALEX (DARATUMUMAB) INJECTION, SOLUTION, CONCENTRATE DARZALEX IV (DARATUMUMAB) INJECTION, SOLUTION, CONCENTRATE [JANSSEN BIOTECH, INC.]","Jun 08, 2026",intravenous,False,1.0,"Each DARZALEX 5 mL single-dose vial contains (NDC 57894-502-05) 100 mg daratumumab, glacial acetic acid (0.9 mg), mannitol (127.5 mg), polysorbate 20 (2 mg), sodium acetate trihydrate (14.8 mg), sodium chloride (17.5 mg), and Water for Injection, USP.",,,,,,,,0.0,,,,,,,,,,,,,,,,,,False
daratumumab,a4d0efe9-5e54-467e-9eb4-56fa7d53b60b,"DARZALEX (DARATUMUMAB) INJECTION, SOLUTION, CONCENTRATE DARZALEX IV (DARATUMUMAB) INJECTION, SOLUTION, CONCENTRATE [JANSSEN BIOTECH, INC.]","Jun 08, 2026",intravenous,False,2.0,"Each DARZALEX 20 mL single-dose vial contains (NDC 57894-505-20) 400 mg daratumumab, L-histidine (7 mg), L-histidine hydrochloride monohydrate (32.6 mg), L-methionine (20 mg), polysorbate 20 (8 mg), sorbitol (1093 mg), and Water for Injection, USP.",,,,,,,,0.0,,,,,,,,,,,,,,,,,,False
daratumumab,a4d0efe9-5e54-467e-9eb4-56fa7d53b60b,"DARZALEX (DARATUMUMAB) INJECTION, SOLUTION, CONCENTRATE DARZALEX IV (DARATUMUMAB) INJECTION, SOLUTION, CONCENTRATE [JANSSEN BIOTECH, INC.]","Jun 08, 2026",intravenous,False,3.0,"Each DARZALEX 5 mL single-dose vial contains (NDC 57894-505-05) 100 mg daratumumab, L-histidine (1.8 mg), L-histidine hydrochloride monohydrate (8.2 mg), L-methionine (5 mg), polysorbate 20 (2 mg), sorbitol (273.3 mg), and Water for Injection, USP.",,,,,,,,0.0,,,,,,,,,,,,,,,,,,False
dupilumab,595f437d-2729-40bb-9c62-c8ece1f82780,"DUPIXENT (DUPILUMAB) INJECTION, SOLUTION [SANOFI-AVENTIS U.S. LLC]","Aug 07, 2026",subcutaneous,False,0.0,"Each 300 mg pre-filled syringe or pre-filled pen delivers 300 mg dupilumab in 2 mL which also contains L-arginine hydrochloride (10.5 mg), L-histidine (6.2 mg), polysorbate 80 (4 mg), sodium acetate (2 mg), sucrose (100 mg), and water for injection, pH 5.9.",2.0,,,polysorbate 80,0.2,,,5.0,histidine+acetate,32.17,5.9,False,True,,147.0,,,,146.07,5.0,,,,24.92,,True
dupilumab,595f437d-2729-40bb-9c62-c8ece1f82780,"DUPIXENT (DUPILUMAB) INJECTION, SOLUTION [SANOFI-AVENTIS U.S. LLC]","Aug 07, 2026",subcutaneous,False,1.0,"Each 200 mg pre-filled syringe or pre-filled pen delivers 200 mg dupilumab in 1.14 mL which also contains L-arginine hydrochloride (12 mg), L-histidine (3.5 mg), polysorbate 80 (2.3 mg), sodium acetate (1.2 mg), sucrose (57 mg), and water for injection, pH 5.9.",1.14,,,polysorbate 80,0.20175,,,5.0,histidine+acetate,32.62,5.9,False,True,,147.0,,,,146.07,5.0,,,,49.97,,True
denosumab,b1f0590e-f5bb-44ac-99a0-4aa4596c7e54,"BILPREVDA (DENOSUMAB) INJECTION, SOLUTION [ORGANON LLC]","Aug 20, 2026",subcutaneous,False,0.0,"Each single-dose vial contains 120 mg denosumab-nxxp, glacial acetic acid (1.84 mg), polysorbate 20 (0.17 mg), sorbitol (78.2 mg), Water for Injection (USP), and sodium hydroxide to a pH of 5.2.",,,,,,,,0.0,,,5.2,False,True,,147.0,,,,,,,,,,,False
denosumab,b9e32bf7-d70a-4083-8577-c15751c7f769,"BILDYOS (DENOSUMAB) INJECTION, SOLUTION [ORGANON LLC]","Aug 20, 2026",subcutaneous,False,0.0,"Each 1 mL single-dose prefilled syringe of Bildyos contains 60 mg denosumab-nxxp (60 mg/mL solution), glacial acetic acid (1.02 mg), polysorbate 20 (0.1 mg), sorbitol (47.0 mg), Water for Injection (USP), and sodium hydroxide to a pH of 5.2.",1.0,60.0,,polysorbate 20,0.01,,,3.0,acetate,16.99,5.2,False,True,,147.0,,,,,,,258.0,4.7,,,True
denosumab,1e5e8c88-3c65-3076-e44b-02d92c2d343d,BOSAYA (DENOSUMAB-KYQQ) INJECTION [BIOCON BIOLOGICS INC.],"Jul 30, 2026",subcutaneous,False,0.0,"Each 1 mL single-dose prefilled syringe of Bosaya contains 60 mg denosumab-kyqq, glacial acetic acid (0.234 mg),polysorbate 20 (0.1 mg), sodium acetate (1.075 mg), sorbitol (47 mg), Water for Injection (USP), and may contain sodium hydroxide/acetic acid to adjust pH of 5.2.",1.0,,,polysorbate 20,0.01,,,3.0,acetate,13.1,5.2,False,True,,147.0,,,,,,,258.0,4.7,,,True
denosumab,547cb095-f7f5-f933-75ce-5e6abf2ad5bc,AUKELSO (DENOSUMAB-KYQQ) INJECTION [BIOCON BIOLOGICS INC.],"Jul 30, 2026",,False,0.0,"Each single-dose vial contains 120 mg denosumab-kyqq, glacial acetic acid (0.397 mg), polysorbate 20 (0.17 mg), sodium acetate (1.828 mg), sorbitol (79.9 mg), Water for Injection (USP), and may contain sodium hydroxide/acetic acid to adjust pH to 5.2.",,,,,,,,0.0,,,,,,,147.0,,,,,,,,,,,False
emapalumab,a865e0ef-8685-4f69-8838-648c4f3bab47,GAMIFANT (EMAPALUMAB-LZSG) INJECTION [SWEDISH ORPHAN BIOVITRUM AB (PUBL)],"Mar 31, 2026",intravenous,False,0.0,"Each mL also contains the following inactive ingredients: L-Histidine (1.55 mg), L-Histidine monohydrochloride, monohydrate (3.14 mg), Polysorbate 80 (0.05 mg), sodium chloride (7.30 mg), and Water for Injection, USP.",,,,,,,,0.0,,,,,,,148.0,,,,,,,,,,,False
emapalumab,a865e0ef-8685-4f69-8838-648c4f3bab47,GAMIFANT (EMAPALUMAB-LZSG) INJECTION [SWEDISH ORPHAN BIOVITRUM AB (PUBL)],"Mar 31, 2026",intravenous,False,1.0,"Each mL also contains the following inactive ingredients: L-Histidine (1.55 mg), L-Histidine monohydrochloride, monohydrate (3.14 mg), Polysorbate 80 (0.05 mg), sodium chloride (7.30 mg), and Water for Injection, USP.",,,,,,,,0.0,,,,,,,148.0,,,,,,,,,,,False
elotuzumab,80686b7e-f6f4-4154-b5c0-c846425e2d91,"EMPLICITI (ELOTUZUMAB) INJECTION, POWDER, LYOPHILIZED, FOR SOLUTION [E.R. SQUIBB & SONS, L.L.C.]","Jun 28, 2024",intravenous,True,0.0,"Each 300 mg single-dose vial of EMPLICITI also contains the following inactive ingredients: citric acid monohydrate (2.44 mg), polysorbate 80 (3.4 mg), sodium citrate (16.6 mg), and sucrose (510 mg).",,,,,,,,0.0,,,,,,,,,,,,,,,,,,False
elotuzumab,80686b7e-f6f4-4154-b5c0-c846425e2d91,"EMPLICITI (ELOTUZUMAB) INJECTION, POWDER, LYOPHILIZED, FOR SOLUTION [E.R. SQUIBB & SONS, L.L.C.]","Jun 28, 2024",intravenous,True,1.0,"Each 400 mg single-dose vial of EMPLICITI also contains the following inactive ingredients: citric acid monohydrate (3.17 mg), polysorbate 80 (4.4 mg), sodium citrate (21.5 mg), and sucrose (660 mg).",,,,,,,,0.0,,,,,,,,,,,,,,,,,,False
durvalumab,8baba4ea-2855-42fa-9bd9-5a7548d4cec3,"IMFINZI (DURVALUMAB) INJECTION, SOLUTION [ASTRAZENECA PHARMACEUTICALS LP]","Sep 07, 2026",intravenous,False,0.0,"Each mL contains durvalumab, 50 mg, L-histidine (2 mg), L-histidine hydrochloride monohydrate (2.7 mg), α,α-trehalose dihydrate (104 mg), Polysorbate 80 (0.2 mg), and Water for Injection, USP.",,,,,,,,0.0,,,,,,,,,,,,,,,,,,False
durvalumab,8baba4ea-2855-42fa-9bd9-5a7548d4cec3,"IMFINZI (DURVALUMAB) INJECTION, SOLUTION [ASTRAZENECA PHARMACEUTICALS LP]","Sep 07, 2026",intravenous,False,1.0,"Each mL contains durvalumab, 50 mg, L-histidine (2 mg), L-histidine hydrochloride monohydrate (2.7 mg), α,α-trehalose dihydrate (104 mg), Polysorbate 80 (0.2 mg), and Water for Injection, USP.",,,,,,,,0.0,,,,,,,,,,,,,,,,,,False
elranatamab,aa044060-5b4b-4692-bf0f-9a50e140b10e,"ELREXFIO (ELRANATAMAB-BCMM) INJECTION, SOLUTION [U.S. PHARMACEUTICALS]","May 20, 2026",subcutaneous,False,0.0,"Each mL of solution contains 40 mg elranatamab-bcmm, edetate disodium (0.045 mg), histidine (1.12 mg), L-histidine hydrochloride monohydrate (2.67 mg), polysorbate 80 (0.2 mg), sucrose (85 mg) and Water for Injection.",,,,,,,,0.0,,,,,,,,,,,,,,,,,,False
elranatamab,f6fea598-ff58-4a20-b5e8-8a51f37d8beb,"ELREXFIO (ELRANATAMAB-BCMM) INJECTION, SOLUTION [PFIZER LABORATORIES DIV PFIZER INC]","Mar 02, 2026",subcutaneous,False,0.0,"Each mL of solution contains 40 mg elranatamab-bcmm, edetate disodium (0.045 mg), histidine (1.12 mg), L-histidine hydrochloride monohydrate (2.67 mg), polysorbate 80 (0.2 mg), sucrose (85 mg) and Water for Injection.",,,,,,,,0.0,,,,,,,,,,,,,,,,,,False
eculizumab,1fa1aa80-1c59-44d4-9841-b6c52882651b,"EPYSQLI (ECULIZUMAB-AAGH) INJECTION, SOLUTION [TEVA PHARMACEUTICALS USA, INC.]","Jul 14, 2026",intravenous,False,0.0,"Each mL contains 10 mg of eculizumab-aagh, dibasic sodium phosphate (0.77 mg), monobasic sodium phosphate (0.55 mg), polysorbate 80 (0.22 mg) (vegetable origin), trehalose (86 mg), and Water for Injection, USP.",,,,,,,,0.0,,,,,,,148.0,,,,,,,,,,,False
eculizumab,002f9748-b0e8-4b6e-a38b-56930a839491,"BKEMV (ECULIZUMAB-AEEB) INJECTION, SOLUTION, CONCENTRATE [AMGEN INC]","Jul 13, 2026",intravenous,False,0.0,"The product is formulated at pH 5.2 and each 30 mL vial contains 300 mg of eculizumab-aeeb, sorbitol (E420) (1500 mg), acetic acid (18 mg), polysorbate 80 (3 mg) (vegetable origin), edetate disodium (EDTA) (0.6 mg), sodium hydroxide may be added to adjust pH, and Water for Injection, USP.",30.0,,,polysorbate 80,0.01,,,2.0,acetate,9.99,5.2,False,True,,148.0,,,,,,,,,,,True
eculizumab,ebcd67fa-b4d1-4a22-b33d-ee8bf6b9c722,"SOLIRIS (ECULIZUMAB) INJECTION, SOLUTION, CONCENTRATE [ALEXION PHARMACEUTICALS INC.]","Jul 13, 2026",intravenous,False,0.0,"The product is formulated at pH 7 and each 30 mL vial contains 300 mg of eculizumab, polysorbate 80 (6.6 mg) (vegetable origin), sodium chloride (263.1 mg), sodium phosphate dibasic (53.4 mg), sodium phosphate monobasic (13.8 mg), and Water for Injection, USP.",30.0,,,,,,,3.0,phosphate,16.37,7.0,False,True,150.07,148.0,,,,,,,,,,,True
emicizumab,2483adba-fab6-4d1b-96c5-c195577ed071,"HEMLIBRA (EMICIZUMAB) INJECTION, SOLUTION [GENENTECH, INC.]","Jul 21, 2025",subcutaneous,False,0.0,"Each single-dose 12 mg vial contains a 0.4 mL solution of emicizumab-kxwh (12 mg), L-arginine (10.5 mg), L-histidine (1.2 mg), and poloxamer 188 (0.2 mg), adjusted to pH 6.0 with L-aspartic acid.",,,,,,,,0.0,,,6.0,False,True,,145.6,,,,,,,,,,,False
emicizumab,2483adba-fab6-4d1b-96c5-c195577ed071,"HEMLIBRA (EMICIZUMAB) INJECTION, SOLUTION [GENENTECH, INC.]","Jul 21, 2025",subcutaneous,False,1.0,"Each single-dose 30 mg vial contains a 1 mL solution of emicizumab-kxwh (30 mg), L-arginine (26.1 mg), L-histidine (3.1 mg), and poloxamer 188 (0.5 mg), adjusted to pH 6.0 with L-aspartic acid.",,,,,,,,0.0,,,6.0,False,True,,145.6,,,,,,,,,,,False
emicizumab,2483adba-fab6-4d1b-96c5-c195577ed071,"HEMLIBRA (EMICIZUMAB) INJECTION, SOLUTION [GENENTECH, INC.]","Jul 21, 2025",subcutaneous,False,2.0,"Each single-dose 60 mg vial contains a 0.4 mL solution of emicizumab-kxwh (60 mg), L-arginine (10.5 mg), L-histidine (1.2 mg), and poloxamer 188 (0.2 mg), adjusted to pH 6.0 with L-aspartic acid.",,,,,,,,0.0,,,6.0,False,True,,145.6,,,,,,,,,,,False
emicizumab,2483adba-fab6-4d1b-96c5-c195577ed071,"HEMLIBRA (EMICIZUMAB) INJECTION, SOLUTION [GENENTECH, INC.]","Jul 21, 2025",subcutaneous,False,3.0,"Each single-dose 105 mg vial contains a 0.7 mL solution of emicizumab-kxwh (105 mg), L-arginine (18.3 mg), L-histidine (2.2 mg), and poloxamer 188 (0.4 mg), adjusted to pH 6.0 with L-aspartic acid.",,,,,,,,0.0,,,6.0,False,True,,145.6,,,,,,,,,,,False
emicizumab,2483adba-fab6-4d1b-96c5-c195577ed071,"HEMLIBRA (EMICIZUMAB) INJECTION, SOLUTION [GENENTECH, INC.]","Jul 21, 2025",subcutaneous,False,4.0,"Each single-dose 150 mg vial contains a 1 mL solution of emicizumab-kxwh (150 mg), L-arginine (26.1 mg), L-histidine (3.1 mg), and poloxamer 188 (0.5 mg), adjusted to pH 6.0 with L-aspartic acid.",,,,,,,,0.0,,,6.0,False,True,,145.6,,,,,,,,,,,False
emicizumab,2483adba-fab6-4d1b-96c5-c195577ed071,"HEMLIBRA (EMICIZUMAB) INJECTION, SOLUTION [GENENTECH, INC.]","Jul 21, 2025",subcutaneous,False,5.0,"Each single-dose 300 mg vial contains a 2 mL solution of emicizumab-kxwh (300 mg), L-arginine (52.3 mg), L-histidine (6.2 mg), and poloxamer 188 (1 mg), adjusted to pH 6.0 with L-aspartic acid.",,,,,,,,0.0,,,6.0,False,True,,145.6,,,,,,,,,,,False
epcoritamab,d7836711-b677-412d-bf2d-0f7c8444103a,"EPKINLY (EPCORITAMAB-BYSP) INJECTION, SOLUTION [GENMAB US, INC.]","Jun 30, 2026",subcutaneous,False,0.0,"Each single-dose 4 mg/0.8 mL vial contains epcoritamab-bysp (4 mg), acetic acid (0.19 mg), polysorbate 80 (0.32 mg), sodium acetate (1.7 mg), sorbitol (21.9 mg) and Water for Injection, USP.",0.8,5.0,,polysorbate 80,0.04,,,4.0,acetate,29.86,,,,,149.0,,,,,,,150.27,2.7375,,,False
epcoritamab,d7836711-b677-412d-bf2d-0f7c8444103a,"EPKINLY (EPCORITAMAB-BYSP) INJECTION, SOLUTION [GENMAB US, INC.]","Jun 30, 2026",subcutaneous,False,1.0,"Each single-dose 48 mg/0.8 mL vial contains epcoritamab-bysp (48 mg), acetic acid (0.19 mg), polysorbate 80 (0.32 mg), sodium acetate (1.7 mg), sorbitol (21.9 mg) and Water for Injection, USP.",0.8,60.0,,polysorbate 80,0.04,,,4.0,acetate,29.86,,,,,149.0,,,,,,,150.27,2.7375,,,False
enfortumab,b5631d3e-4604-4363-8f20-11dfc5a4a8ed,"PADCEV EJFV (ENFORTUMAB VEDOTIN) INJECTION, POWDER, LYOPHILIZED, FOR SOLUTION [SEAGEN INC.]","Aug 17, 2026",intravenous,True,0.0,"Each mL of reconstituted solution contains 10 mg of enfortumab vedotin-ejfv, histidine (1.4 mg), histidine hydrochloride monohydrate (2.31 mg), polysorbate 20 (0.2 mg), and trehalose dihydrate (55 mg) with a pH of 6.0.",,,,,,,,0.0,,,6.0,False,True,,,,,,,,,,,,,False
eptinezumab,79065861-6aa5-4d1f-829f-3a6471286b36,VYEPTI (EPTINEZUMAB-JJMR) INJECTION [LUNDBECK PHARMACEUTICALS LLC],"Aug 20, 2026",intravenous,False,0.0,"Each mL contains 100 mg eptinezumab-jjmr formulated in L-histidine (1 mg), L-histidine hydrochloride monohydrate (2.8 mg), polysorbate 80 (0.15 mg), sorbitol (40.5 mg), and Water for Injection, USP, at a pH of 5.8.",,,,,,,,0.0,,,5.8,False,True,,,,,,,,,,,,,False
erenumab,b998ed05-94b0-47fd-b28f-cddd1e128fd8,"AIMOVIG (ERENUMAB-AOOE) INJECTION AIMOVIG (ERENUMAB-AOOE) INJECTION, SOLUTION [AMGEN, INC]","Jul 17, 2026",subcutaneous,False,0.0,"Each 1 mL 70 mg single-dose prefilled autoinjector and 70 mg single-dose prefilled glass syringe contains 70 mg erenumab-aooe, acetate (1.5 mg), polysorbate 80 (0.10 mg), and sucrose (73 mg).",1.0,,,polysorbate 80,0.01,,,3.0,,,5.2,False,False,,150.0,,,,213.26,7.3,,,,,,False
erenumab,b998ed05-94b0-47fd-b28f-cddd1e128fd8,"AIMOVIG (ERENUMAB-AOOE) INJECTION AIMOVIG (ERENUMAB-AOOE) INJECTION, SOLUTION [AMGEN, INC]","Jul 17, 2026",subcutaneous,False,1.0,"Each 1 mL 140 mg single-dose prefilled autoinjector and 140 mg single-dose prefilled glass syringe contains 140 mg erenumab-aooe, acetate (2.0 mg), polysorbate 80 (0.10 mg), and sucrose (65 mg).",1.0,,,polysorbate 80,0.01,,,3.0,,,5.2,False,False,,150.0,,,,189.89,6.5,,,,,,False
evinacumab,73412138-6d8f-4ea6-bb72-a740190470ff,"EVKEEZA (EVINACUMAB) INJECTION, SOLUTION, CONCENTRATE [REGENERON PHARMACEUTICALS, INC.]","Oct 06, 2025",intravenous,False,0.0,"Each mL contains 150 mg of evinacumab-dgnb, and L-arginine hydrochloride (14.8 mg), L-histidine (0.74 mg), L-histidine monohydrochloride monohydrate (1.1 mg), L-proline (30 mg), polysorbate 80 (1 mg) and Water for Injection, USP.",,,,,,,,0.0,,,,,,,146.0,,,,,,,,,,,False
faricimab,04cc9ef7-c02a-4e92-a655-0062674e8487,"VABYSMO (FARICIMAB) INJECTION, SOLUTION [GENENTECH, INC.]","Apr 22, 2026",,False,0.0,"Each single-dose prefilled syringe or single-dose vial is designed to deliver 0.05 mL (50 microliters) of solution containing 6 mg faricimab-svoa, L-histidine (155 mcg), L-methionine (52.2 mcg), polysorbate 20 (20 mcg), sodium chloride (73.1 mcg), D-sucrose (2.74 mg) and Water for Injection, adjusted to pH 5.5 with acetic acid.",0.05,,,polysorbate 20,0.04,,,4.0,,,5.5,False,True,25.02,149.0,,,,160.09,5.48,7.0,,,,,False
fremanezumab,98e344ea-5916-4947-b6f2-4a76ccc04b6b,"AJOVY (FREMANEZUMAB-VFRM) INJECTION [TEVA PHARMACEUTICALS USA, INC.]","Jun 11, 2026",subcutaneous,False,0.0,"Each prefilled autoinjector or prefilled syringe delivers 1.5 mL of solution containing 225 mg fremanezumab-vfrm, disodium ethylenediaminetetraacetic acid dihydrate (EDTA) (0.204 mg), L-histidine (0.815 mg), L-histidine hydrochloride monohydrate (3.93 mg), polysorbate-80 (0.3 mg), sucrose (99 mg), and Water for Injection, and has a pH of 5.5.",1.5,,,polysorbate 80,0.02,,,4.0,histidine,16.0,5.5,False,True,,148.0,,,,192.81,6.6,,,,,,True
garadacimab,07b0b671-db81-49f0-a402-0c0219db7fa2,"ANDEMBRY (GARADACIMAB) INJECTION, SOLUTION [CSL]","Jul 10, 2025",subcutaneous,False,0.0,"Each 1.2 mL prefilled autoinjector or prefilled syringe with needle safety device of ANDEMBRY contains 200 mg of garadacimab-gxii, arginine monohydrochloride (37.9 mg), histidine (3.7 mg), polysorbate 80 (0.24 mg), proline (19.3 mg), and water for injection, USP.",1.2,,,polysorbate 80,0.02,,,3.0,histidine,19.87,,,,,,,,,,,,,,,139.7,False
galcanezumab,33a147be-233a-40e8-a55e-e40936e28db0,"EMGALITY (GALCANEZUMAB-GNLM) INJECTION, SOLUTION [ELI LILLY AND COMPANY]","Jun 18, 2026",subcutaneous,False,0.0,"Each mL of solution contains 100 mg or 120 mg of galcanezumab-gnlm; L-histidine (0.5 mg); L-histidine hydrochloride monohydrate (1.5 mg); Polysorbate 80 (0.5 mg); Sodium Chloride (8.8 mg); Water for Injection, USP.",,,,,,,,0.0,,,,,,,147.0,,,,,,,,,,,False
evolocumab,cd61e902-166d-4aa6-9f3c-a18c1008d07e,"REPATHA (EVOLOCUMAB) INJECTION, SOLUTION REPATHA (EVOLOCUMAB) KIT [AMGEN USA INC.]","Aug 21, 2026",subcutaneous,False,0.0,"Each 1 mL prefilled single-dose pen, prefilled single-dose SureClick® autoinjector and prefilled single-dose syringe contains 140 mg evolocumab, acetate (1.2 mg), polysorbate 80 (0.1 mg), proline (25 mg) in Water for Injection, USP.",1.0,,,polysorbate 80,0.01,,,2.0,,,5.0,False,False,,,,,,,,,,,,217.15,False
gemtuzumab,32fd2bb2-1cfa-4250-feb8-d7956c794e05,"MYLOTARG (GEMTUZUMAB OZOGAMICIN) INJECTION, POWDER, LYOPHILIZED, FOR SOLUTION [WYETH PHARMACEUTICALS LLC, A SUBSIDIARY OF PFIZER INC.]","Dec 22, 2025",intravenous,True,0.0,"Inactive ingredients are dextran 40 (41.0 mg), sodium chloride (26.1 mg), sodium phosphate dibasic anhydrous (2.7 mg), sodium phosphate monobasic monohydrate (0.45 mg), and sucrose (69.8 mg).",,,,,,,,0.0,,,,,,,,,,,,,,,,,,False
glofitamab,3516e753-f064-4d30-9bd5-e3f2e143f75d,"COLUMVI (GLOFITAMAB) CONCENTRATE COLUMVI (GLOFITAMAB) SOLUTION, CONCENTRATE [GENENTECH, INC.]","Jul 02, 2026",intravenous,False,0.0,"Each mL of solution contains 1 mg glofitamab-gxbm, histidine (0.63 mg), histidine hydrochloride monohydrate (3.34 mg), methionine (1.49 mg), polysorbate 20 (0.5 mg), sucrose (82.15 mg), and Water for Injection, USP, at pH 5.5.",,,,,,,,0.0,,,5.5,False,True,,197.0,,,,,,,,,,,False
ibalizumab,c548ad82-9d1f-4d16-95b6-4e6106badf43,"TROGARZO (IBALIZUMAB) INJECTION, SOLUTION [THERATECHNOLOGIES INC.]","Jan 12, 2026",intravenous,False,0.0,"Each single-dose vial delivers approximately 1.33 mL containing 200 mg of ibalizumab-uiyk, and contains the following inactive ingredients: 10 mM L-histidine (2.06 mg), 0.045% polysorbate 80 (0.60 mg), 52 mM sodium chloride (4.04 mg) and 5.2% sucrose (69.2 mg).",,,,,,,,0.0,,,6.0,False,False,,150.0,,,,,,,,,,,False
ibritumomab,25d367dc-da65-44c9-a844-1bf15339c285,ZEVALIN (IBRITUMOMAB TIUXETAN) KIT [ACROTECH BIOPHARMA INC],"Apr 26, 2023",,False,,,,,,,,,,,,,,,,,,,,,,,,,,,,False
idarucizumab,c7400f8a-dcf4-a6df-6d07-983081b1bf34,"PRAXBIND (IDARUCIZUMAB) INJECTION [BOEHRINGER INGELHEIM PHARMACEUTICALS, INC.]","Feb 08, 2024",intravenous,False,0.0,"PRAXBIND (idarucizumab) is supplied in 2 single-dose vials, each containing 2.5 g of idarucizumab in 50 mL formulated as a buffered, isotonic, solution containing acetic acid glacial (10.05 mg), polysorbate 20 (10 mg), sodium acetate (88.82 mg), sorbitol (2004.20 mg), and water for injection with an osmolality of 270-330 mOsm/kg and a pH of 5.3-5.7.",50.0,,,polysorbate 20,0.02,,,4.0,acetate,25.0,5.5,True,True,,,,,,,,,220.04,4.0084,,,True
golimumab,f86cb4a7-c358-4136-ae57-b32bda9bba00,"SIMPONI (GOLIMUMAB) INJECTION, SOLUTION [JANSSEN BIOTECH, INC.]","Jan 23, 2026",,False,0.0,"Each 0.5 mL prefilled syringe and autoinjector contains 50 mg golimumab, L-histidine and L-histidine monohydrochloride monohydrate (0.44 mg), polysorbate 80 (0.08 mg), sorbitol (20.5 mg) and Water for Injection.",0.5,,,polysorbate 80,0.016,,,3.0,histidine,4.2,,,,,,,,,,,,225.06,4.1,,,False
golimumab,f86cb4a7-c358-4136-ae57-b32bda9bba00,"SIMPONI (GOLIMUMAB) INJECTION, SOLUTION [JANSSEN BIOTECH, INC.]","Jan 23, 2026",,False,1.0,"Each 1 mL prefilled syringe and autoinjector contains 100 mg golimumab, L-histidine and L-histidine monohydrochloride monohydrate (0.87 mg), polysorbate 80 (0.15 mg), sorbitol (41.0 mg) and Water for Injection.",1.0,,,polysorbate 80,0.015,,,3.0,histidine,4.15,,,,,,,,,,,,225.06,4.1,,,False
golimumab,9e260a47-55af-4c92-8d88-a86ccc767fff,"SIMPONI ARIA (GOLIMUMAB) SOLUTION [JANSSEN BIOTECH, INC.]","Sep 11, 2025",intravenous,False,0.0,"Each 4-mL vial of SIMPONI ARIA contains 50 mg golimumab, L-histidine (1.14 mg), L-histidine monohydrochloride monohydrate (6.42 mg), polysorbate 80 (0.6 mg), sorbitol (180 mg), and water for injection.",,,,,,,,0.0,,,5.5,False,False,,,,,,,,,,,,,False
inebilizumab,834db232-afb0-4dcf-93e0-009ce8245c20,"UPLIZNA (INEBILIZUMAB) INJECTION [HORIZON THERAPEUTICS USA, INC.]","Dec 24, 2025",intravenous,False,0.0,"Each mL contains 10 mg of inebilizumab-cdon, L-histidine (1.4 mg), L-histidine hydrochloride monohydrate (2.3 mg), polysorbate 80 (0.1 mg), sodium chloride (4.1 mg), α,α-trehalose dihydrate (40.1 mg), and Water for Injection, USP and a pH of 6.",,,,,,,,0.0,,,6.0,False,True,,,,,,,,,,,,,False
guselkumab,1e6dc9ae-1c4c-42d9-87aa-c315ecc51b56,"TREMFYA (GUSELKUMAB) INJECTION TREMFYA (GUSELKUMAB) INJECTION [JANSSEN BIOTECH, INC.]","Jun 08, 2026",subcutaneous,False,0.0,"Each TREMFYA 1 mL prefilled syringe, prefilled pen (TREMFYA PEN), or One-Press patient-controlled injector delivers 100 mg guselkumab, L-histidine (0.6 mg), L-histidine monohydrochloride monohydrate (1.5 mg), polysorbate 80 (0.5 mg), sucrose (79 mg) and water for injection at pH 5.8.",,,,,,,,0.0,,,5.8,False,True,,147.0,,,,,,,,,,,False
guselkumab,1e6dc9ae-1c4c-42d9-87aa-c315ecc51b56,"TREMFYA (GUSELKUMAB) INJECTION TREMFYA (GUSELKUMAB) INJECTION [JANSSEN BIOTECH, INC.]","Jun 08, 2026",subcutaneous,False,1.0,"Each TREMFYA 2 mL prefilled syringe or prefilled pen (TREMFYA PEN) delivers 200 mg guselkumab, L-histidine (1.2 mg), L-histidine monohydrochloride monohydrate (3 mg), polysorbate 80 (1 mg), sucrose (158 mg) and water for injection at pH 5.8.",,,,,,,,0.0,,,5.8,False,True,,147.0,,,,,,,,,,,False
guselkumab,1e6dc9ae-1c4c-42d9-87aa-c315ecc51b56,"TREMFYA (GUSELKUMAB) INJECTION TREMFYA (GUSELKUMAB) INJECTION [JANSSEN BIOTECH, INC.]","Jun 08, 2026",subcutaneous,False,2.0,"Each TREMFYA 20 mL vial delivers 200 mg guselkumab, EDTA disodium dihydrate (0.4 mg), L-histidine (11.3 mg), L-histidine monohydrochloride monohydrate (26.6 mg), L-methionine (8 mg), polysorbate 80 (10 mg), sucrose (1700 mg) and water for injection at pH 5.8.",,,,,,,,0.0,,,5.8,False,True,,147.0,,,,,,,,,,,False
inotuzumab,cc7014b1-c775-411d-b374-8113248b4077,"BESPONSA (INOTUZUMAB OZOGAMICIN) INJECTION, POWDER, LYOPHILIZED, FOR SOLUTION [WYETH PHARMACEUTICALS LLC, A SUBSIDIARY OF PFIZER INC.]","Feb 09, 2026",intravenous,True,0.0,"Inactive ingredients are polysorbate 80 (0.36 mg), sodium chloride (2.16 mg), sucrose (180 mg), and tromethamine (8.64 mg).",,,,,,,,0.0,,,8.0,False,False,,160.0,,,,,,,,,,,False
ipilimumab,2265ef30-253e-11df-8a39-0800200c9a66,"YERVOY (IPILIMUMAB) INJECTION [E.R. SQUIBB & SONS, L.L.C.]","Aug 26, 2026",intravenous,False,0.0,"Each milliliter contains 5 mg of ipilimumab and the following inactive ingredients: diethylene triamine pentaacetic acid (DTPA) (0.04 mg), mannitol (10 mg), polysorbate 80 (vegetable origin) (0.1 mg), sodium chloride (5.85 mg), tris hydrochloride (3.15 mg), and Water for Injection, USP at a pH of 7.",,,,,,,,0.0,,,7.0,False,True,,148.0,,,,,,,,,,,False
lanadelumab,15f99d8c-efe7-4f7d-aa20-0d0f1e30c6e8,"TAKHZYRO (LANADELUMAB-FLYO) SOLUTION TAKHZYRO (LANADELUMAB-FLYO) INJECTION, SOLUTION [TAKEDA PHARMACEUTICALS AMERICA, INC.]","Aug 31, 2026",subcutaneous,False,0.0,"Each mL of ready-to-use TAKHZYRO solution contains 150 mg of lanadelumab-flyo, citric acid monohydrate (4.1 mg), L-histidine (7.8 mg), polysorbate 80 (0.1 mg), sodium chloride (5.3 mg), sodium phosphate dibasic dihydrate (5.3 mg), and Water for Injection, USP.",,,,,,,,0.0,,,6.0,False,False,,,,,,,,,,,,,False
lebrikizumab,7a774ea2-acde-4aaa-9a8f-ccba5a5b1d5f,"EBGLYSS (LEBRIKIZUMAB-LBKZ) INJECTION, SOLUTION [ELI LILLY AND COMPANY]","Jun 15, 2026",subcutaneous,False,0.0,"Each prefilled pen or prefilled syringe delivers 250 mg lebrikizumab-lbkz in 2 mL solution which also contains glacial acetic acid (1.8 mg), histidine (6.2 mg), polysorbate 20 (0.6 mg), sucrose (119.6 mg) and Water for Injection.",2.0,,,polysorbate 20,0.03,,,4.0,acetate+histidine,34.97,,,,,145.0,,,,174.7,5.98,,,,,,False
isatuximab,07730e8c-1340-4d30-8d71-e20f850db8da,"SARCLISA ESCENA (ISATUXIMAB-IRFC) INJECTION, SOLUTION [SANOFI-AVENTIS U.S. LLC]","Jul 13, 2026",subcutaneous,False,0.0,"Each mL of solution contains 140 mg isatuximab-irfc, arginine hydrochloride (23.2 mg), histidine (0.82 mg), histidine hydrochloride monohydrate (0.78 mg), poloxamer 188 (4.0 mg), sucrose (20.0 mg), and Water for Injection, USP.",,,,,,,,0.0,,,6.2,False,False,,148.0,,,,,,,,,,,False
isatuximab,a0473462-6f9d-4eca-a5bf-8620aea68e8a,"SARCLISA (ISATUXIMAB) INJECTION, SOLUTION, CONCENTRATE [SANOFI-AVENTIS U.S. LLC]","Jul 09, 2026",intravenous,False,0.0,"Each mL of solution contains 20 mg isatuximab-irfc, histidine (1.46 mg), histidine hydrochloride monohydrate (2.22 mg), polysorbate 80 (0.2 mg), sucrose (100 mg), and water for injection.",,,,,,,,0.0,,,6.0,False,False,,148.0,,,,,,,,,,,False
ixekizumab,ac96658a-d7dc-4c7c-8928-2adcdf4318b2,"TALTZ (IXEKIZUMAB) INJECTION, SOLUTION [ELI LILLY AND COMPANY]","Jun 23, 2026",subcutaneous,False,0.0,"Each TALTZ 80 mg/mL single-dose autoinjector or TALTZ 80 mg/mL single-dose prefilled syringe is composed of ixekizumab (80 mg); Polysorbate 80, USP (0.3 mg); Sucrose, USP (80 mg); and Water for Injection, USP.",,80.0,,,,,,0.0,,,5.7,True,False,,146.158,,,,,,,,,,,False
ixekizumab,ac96658a-d7dc-4c7c-8928-2adcdf4318b2,"TALTZ (IXEKIZUMAB) INJECTION, SOLUTION [ELI LILLY AND COMPANY]","Jun 23, 2026",subcutaneous,False,1.0,"Each TALTZ 40 mg/0.5 mL single-dose prefilled syringe is composed of ixekizumab (40 mg); Polysorbate 80, USP (0.15 mg); Sucrose, USP (40 mg); and Water for Injection, USP.",0.5,80.0,,polysorbate 80,0.03,,,2.0,,,5.7,True,False,,146.158,,,,233.71,8.0,,,,,,False
ixekizumab,ac96658a-d7dc-4c7c-8928-2adcdf4318b2,"TALTZ (IXEKIZUMAB) INJECTION, SOLUTION [ELI LILLY AND COMPANY]","Jun 23, 2026",subcutaneous,False,2.0,"Each TALTZ 20 mg/0.25 mL single-dose prefilled syringe is composed of ixekizumab (20 mg); Polysorbate 80, USP (0.08 mg); Sucrose, USP (20 mg); and Water for Injection, USP.",0.25,80.0,,polysorbate 80,0.032,,,2.0,,,5.7,True,False,,146.158,,,,233.71,8.0,,,,,,False
lecanemab,9d1ff786-e577-410a-a273-c4d7d0e4e975,"LEQEMBI (LECANEMAB) INJECTION, SOLUTION LECANEMAB AUTOINJECTOR (LECANEMAB-IRMB) INJECTION, SOLUTION [EISAI INC.]","Jul 27, 2026",subcutaneous,False,0.0,"Each mL of solution contains 100 mg of lecanemab-irmb and arginine hydrochloride (42.13 mg), histidine (0.18 mg), histidine hydrochloride monohydrate (4.99 mg), polysorbate 80 (0.50 mg), and Water for Injection at an approximate pH of 5.0.",,,,,,,,0.0,,,5.0,False,True,,150.0,,,,,,,,,,,False
lecanemab,9d1ff786-e577-410a-a273-c4d7d0e4e975,"LEQEMBI (LECANEMAB) INJECTION, SOLUTION LECANEMAB AUTOINJECTOR (LECANEMAB-IRMB) INJECTION, SOLUTION [EISAI INC.]","Jul 27, 2026",subcutaneous,False,1.0,"Each 360 mg/1.8 mL LEQEMBI IQLIK autoinjector contains 360 mg of lecanemab-irmb formulated in: arginine hydrochloride (75.83 mg), histidine (0.25 mg), histidine hydrochloride monohydrate (9.09 mg), polysorbate 80 (0.90 mg), and Water for Injection, USP.",1.8,200.0,,polysorbate 80,0.05,,,4.0,histidine,24.99,5.0,False,False,,150.0,,,,,,,,,199.98,,True
lecanemab,9d1ff786-e577-410a-a273-c4d7d0e4e975,"LEQEMBI (LECANEMAB) INJECTION, SOLUTION LECANEMAB AUTOINJECTOR (LECANEMAB-IRMB) INJECTION, SOLUTION [EISAI INC.]","Jul 27, 2026",subcutaneous,False,2.0,"Each 250 mg/1.25 mL LEQEMBI IQLIK autoinjector contains 250 mg of lecanemab-irmb formulated in: arginine hydrochloride (52.66 mg), histidine (0.18 mg), histidine hydrochloride monohydrate (6.31 mg), polysorbate 80 (0.63 mg), and Water for Injection, USP.",1.25,200.0,,polysorbate 80,0.0504,,,4.0,histidine,25.01,5.0,False,False,,150.0,,,,,,,,,199.98,,True
loncastuximab,af54af12-3edf-4301-8bc5-0446bc813c1d,"ZYNLONTA (LONCASTUXIMAB TESIRINE) INJECTION, POWDER, LYOPHILIZED, FOR SOLUTION [ADC THERAPEUTICS AMERICA, INC.]","Jun 17, 2026",intravenous,True,0.0,"Each single-dose vial delivers 10 mg of loncastuximab tesirine-lpyl, L-histidine (2.8 mg), L-histidine monohydrochloride (4.6 mg), polysorbate 20 (0.4 mg), and sucrose (119.8 mg).",,,,,,,,0.0,,,6.0,False,False,,151.0,,,,,,,,,,,False
infliximab,dbf738c4-3fac-4422-a9d8-51d9c83a8789,"RENFLEXIS (INFLIXIMAB) INJECTION, POWDER, LYOPHILIZED, FOR SOLUTION [ORGANON LLC]","Sep 01, 2026",intravenous,True,0.0,"Each single-dose vial contains 100 mg infliximab-abda, dibasic sodium phosphate heptahydrate (1.2 mg), monobasic sodium phosphate monohydrate (6.3 mg), polysorbate 80 (0.5 mg), and sucrose (500 mg).",,,,,,,,0.0,,,,,,,149.1,,,,,,,,,,,False
infliximab,93a193ab-9f96-4da6-aa7c-31212e81879a,ZYMFENTRA (INFLIXIMAB-DYYB) KIT ZYMFENTRA (INFLIXIMAB-DYYB) INJECTION [CELLTRION USA INC.],"Aug 20, 2026",subcutaneous,False,0.0,"Each mL of solution contains 120 mg infliximab-dyyb, acetic acid (0.19 mg), polysorbate 80 (0.5 mg), sodium acetate (0.56 mg), sorbitol (45 mg) and Water for Injection, USP.",,,,,,,,0.0,,,,,,,145.9,,,,,,,,,,,False
infliximab,de34bcb7-b524-45c8-9181-61c6f48d540e,"AVSOLA (INFLIXIMAB-AXXQ) INJECTION, POWDER, LYOPHILIZED, FOR SOLUTION [AMGEN, INC]","Jul 29, 2026",intravenous,True,0.0,"Each single-dose vial contains 100 mg infliximab-axxq, dibasic sodium phosphate, anhydrous (4.9 mg), monobasic sodium phosphate, monohydrate (2.2 mg), polysorbate 80 (0.5 mg), and sucrose (500 mg).",,,,,,,,0.0,,,,,,,149.1,,,,,,,,,,,False
infliximab,37eaca10-d812-48bc-8b8e-b836bfa9968f,"INFLECTRA (INFLIXIMAB-DYYB) INJECTION, POWDER, LYOPHILIZED, FOR SOLUTION [PFIZER LABORATORIES DIV PFIZER INC]","Jul 28, 2026",intravenous,True,0.0,"Each single-dose vial contains 100 mg infliximab-dyyb, dibasic sodium phosphate, dihydrate (6.1 mg), monobasic sodium phosphate, monohydrate (2.2 mg), polysorbate 80 (0.5 mg), and sucrose (500 mg).",,,,,,,,0.0,,,,,,,149.1,,,,,,,,,,,False
margetuximab,6a6d50c7-06ea-479c-83cc-f197a9e428c9,"MARGENZA (MARGETUXIMAB-CMKB) INJECTION, SOLUTION, CONCENTRATE [TERSERA THERAPEUTICS LLC]","Feb 24, 2025",intravenous,False,0.0,"Each mL of solution contains 25 mg of margetuximab-cmkb, L-arginine hydrochloride (11 mg), polysorbate 80 (0.1 mg), sodium chloride (2.9 mg), sodium phosphate dibasic, heptahydrate (0.58 mg), sodium phosphate monobasic, monohydrate (1.1 mg), sucrose (30 mg), and Water for Injection, USP at a pH of approximately 6.1.",,,,,,,,0.0,,,6.1,False,True,,149.0,,,,,,,,,,,False
margetuximab,e97a5872-eabf-463b-8f4c-5b5aed9c7bf0,"MARGENZA (MARGETUXIMAB-CMKB) INJECTION, SOLUTION, CONCENTRATE [MACROGENICS, INC]","Jan 27, 2025",intravenous,False,0.0,"Each mL of solution contains 25 mg of margetuximab-cmkb, L-arginine hydrochloride (11 mg), polysorbate 80 (0.1 mg), sodium chloride (2.9 mg), sodium phosphate dibasic, heptahydrate (0.58 mg), sodium phosphate monobasic, monohydrate (1.1 mg), sucrose (30 mg), and Water for Injection, USP at a pH of approximately 6.1.",,,,,,,,0.0,,,6.1,False,True,,149.0,,,,,,,,,,,False
mepolizumab,fefb887c-e4ac-431e-8893-e9d1a5a63fea,"NUCALA (MEPOLIZUMAB) INJECTION, POWDER, FOR SOLUTION NUCALA (MEPOLIZUMAB) INJECTION, SOLUTION [GLAXOSMITHKLINE LLC]","Aug 18, 2025",subcutaneous,True,0.0,"Each vial delivers 100 mg of mepolizumab, polysorbate 80 (0.67 mg), sodium phosphate dibasic heptahydrate (7.14 mg), and sucrose (160 mg), with a pH of 7.0.",,,,,,,,0.0,,,7.0,False,True,,149.0,,,,,,,,,,,False
mepolizumab,fefb887c-e4ac-431e-8893-e9d1a5a63fea,"NUCALA (MEPOLIZUMAB) INJECTION, POWDER, FOR SOLUTION NUCALA (MEPOLIZUMAB) INJECTION, SOLUTION [GLAXOSMITHKLINE LLC]","Aug 18, 2025",subcutaneous,True,1.0,"Each 1 mL delivers 100 mg mepolizumab, citric acid monohydrate (0.95 mg), EDTA disodium dihydrate (0.019 mg), polysorbate 80 (0.20 mg), sodium phosphate dibasic heptahydrate (4.16 mg), and sucrose (120 mg), with a pH of 6.3.",1.0,,,polysorbate 80,0.02,,,4.0,phosphate,15.52,6.3,False,True,,149.0,,,,350.57,12.0,,,,,,True
mepolizumab,fefb887c-e4ac-431e-8893-e9d1a5a63fea,"NUCALA (MEPOLIZUMAB) INJECTION, POWDER, FOR SOLUTION NUCALA (MEPOLIZUMAB) INJECTION, SOLUTION [GLAXOSMITHKLINE LLC]","Aug 18, 2025",subcutaneous,True,2.0,"Each 0.4 mL delivers 40 mg mepolizumab, citric acid monohydrate (0.38 mg), EDTA disodium dihydrate (0.0074 mg), polysorbate 80 (0.08 mg), sodium phosphate dibasic heptahydrate (1.66 mg), and sucrose (48 mg), with a pH of 6.3.",0.4,,,polysorbate 80,0.02,,,4.0,phosphate,15.48,6.3,False,True,,149.0,,,,350.57,12.0,,,,,,True
marstacimab,a2cc631e-13a6-40c2-acf9-065ccedfb90a,"HYMPAVZI (MARSTACIMAB-HNCQ) INJECTION, SOLUTION [PFIZER LABORATORIES DIV PFIZER INC]","Jun 23, 2026",subcutaneous,False,0.0,"Each 1 mL of HYMPAVZI contains 150 mg of marstacimab‑hncq, and the inactive ingredients edetate disodium (0.05 mg), histidine (1.12 mg), L-histidine monohydrochloride (2.67 mg), polysorbate 80 (0.2 mg), and sucrose (85 mg), in Water for Injection, USP.",1.0,,,polysorbate 80,0.02,,,5.0,histidine,24.43,5.8,False,False,,,,,,248.32,8.5,,,,,,True
marstacimab,a2cc631e-13a6-40c2-acf9-065ccedfb90a,"HYMPAVZI (MARSTACIMAB-HNCQ) INJECTION, SOLUTION [PFIZER LABORATORIES DIV PFIZER INC]","Jun 23, 2026",subcutaneous,False,1.0,"Each 0.5 mL of HYMPAVZI contains 75 mg of marstacimab‑hncq, and the inactive ingredients edetate disodium (0.03 mg), histidine (0.56 mg), L‑histidine monohydrochloride (1.34 mg), polysorbate 80 (0.1 mg), and sucrose (43 mg), in Water for Injection, USP.",0.5,,,polysorbate 80,0.02,,,5.0,histidine,24.49,5.8,False,False,,,,,,251.24,8.6,,,,,,True
mirikizumab,472cbe04-263e-433d-9a0f-58c1b50b715a,"OMVOH (MIRIKIZUMAB-MRKZ) INJECTION, SOLUTION OMVOH (MIRIKIZUMAB-MRKZ) KIT [ELI LILLY AND COMPANY]","Aug 11, 2026",subcutaneous,False,0.0,"Each mL contains 20 mg of mirikizumab-mrkz, anhydrous citric acid (0.4 mg), polysorbate 80 (0.5 mg), sodium chloride (8.8 mg), sodium citrate (2.1 mg), and Water for Injection.",,,,,,,,0.0,,,,,,,147.0,,,,,,,,,,,False
mirikizumab,472cbe04-263e-433d-9a0f-58c1b50b715a,"OMVOH (MIRIKIZUMAB-MRKZ) INJECTION, SOLUTION OMVOH (MIRIKIZUMAB-MRKZ) KIT [ELI LILLY AND COMPANY]","Aug 11, 2026",subcutaneous,False,1.0,"Each mL contains 20 mg of mirikizumab-mrkz, anhydrous citric acid (0.1 mg), histidine (0.1 mg), L-histidine hydrochloride monohydrate (0.9 mg), mannitol (33 mg), polysorbate 80 (0.5 mg), sodium chloride (2.9 mg), sodium citrate (0.2 mg), and Water for Injection.",,,,,,,,0.0,,,,,,,147.0,,,,,,,,,,,False
mirikizumab,472cbe04-263e-433d-9a0f-58c1b50b715a,"OMVOH (MIRIKIZUMAB-MRKZ) INJECTION, SOLUTION OMVOH (MIRIKIZUMAB-MRKZ) KIT [ELI LILLY AND COMPANY]","Aug 11, 2026",subcutaneous,False,2.0,"Each mL is composed of 100 mg mirikizumab-mrkz, histidine (0.1 mg), L-histidine hydrochloride monohydrate (0.9 mg), mannitol (33 mg), polysorbate 80 (0.3 mg), sodium chloride (2.9 mg), and Water for Injection.",,,,,,,,0.0,,,,,,,147.0,,,,,,,,,,,False
mirikizumab,472cbe04-263e-433d-9a0f-58c1b50b715a,"OMVOH (MIRIKIZUMAB-MRKZ) INJECTION, SOLUTION OMVOH (MIRIKIZUMAB-MRKZ) KIT [ELI LILLY AND COMPANY]","Aug 11, 2026",subcutaneous,False,3.0,"Each mL is composed of 100 mg mirikizumab-mrkz, histidine (0.1 mg), L-histidine hydrochloride monohydrate (0.9 mg), mannitol (33 mg), polysorbate 80 (0.3 mg), sodium chloride (2.9 mg), and Water for Injection.",,,,,,,,0.0,,,,,,,147.0,,,,,,,,,,,False
mirvetuximab,00c424b5-6ccd-48ab-9e88-1986451120e2,"ELAHERE (MIRVETUXIMAB SORAVTANSINE) INJECTION, SOLUTION [IMMUNOGEN, INC.]","Feb 16, 2026",,False,0.0,"Each mL of solution contains 5 mg of mirvetuximab soravtansine-gynx, and glacial acetic acid (0.22 mg), polysorbate 20 (0.1 mg), sodium acetate (0.53 mg), sucrose (90 mg), and Water for Injection.",,,,,,,,0.0,,,,,,,150.0,,,,,,,,,,,False
mogamulizumab,e53960ab-42a1-40d1-9c7d-eb013fe7f18f,"POTELIGEO (MOGAMULIZUMAB-KPKC) INJECTION [KYOWA KIRIN, INC.]","Mar 03, 2026",intravenous,False,0.0,"Each mL of solution contains 4 mg of mogamulizumab-kpkc and is formulated in: citric acid monohydrate (0.44 mg), glycine (22.5 mg), polysorbate 80 (0.2 mg), and Water for Injection, USP.",,,,,,,,0.0,,,,,,,,,,,,,,,,,,False
moxetumomab,8ddffb08-aab1-41f5-bbc6-09457e4e80ca,"LUMOXITI (MOXETUMOMAB PASUDOTOX) INJECTION, POWDER, LYOPHILIZED, FOR SOLUTION IV STABILIZER (POLYSORBATE 80) SOLUTION [INNATE PHARMA, INC.]","Sep 08, 2020",intravenous,True,0.0,"Each single-dose vial contains 1 mg moxetumomab pasudotox-tdfk, glycine (80 mg), polysorbate 80 (0.2 mg), sodium phosphate monobasic monohydrate (3.4 mg), sucrose (40 mg), and sodium hydroxide to adjust pH to 7.4.",,,,,,,,0.0,,,,,,,63.0,,,,,,,,,,,False
moxetumomab,8ddffb08-aab1-41f5-bbc6-09457e4e80ca,"LUMOXITI (MOXETUMOMAB PASUDOTOX) INJECTION, POWDER, LYOPHILIZED, FOR SOLUTION IV STABILIZER (POLYSORBATE 80) SOLUTION [INNATE PHARMA, INC.]","Sep 08, 2020",intravenous,True,1.0,"Each vial contains citric acid monohydrate (0.7 mg), polysorbate 80 (6.5 mg), sodium citrate dihydrate (6.4 mg), and Water for Injection, USP.",,,,,,,,0.0,,,,,,,63.0,,,,,,,,,,,False
mosunetuzumab,6a2b6dc2-48bd-4da7-a611-bc6bae2893c8,"LUNSUMIO VELO (MOSUNETUZUMAB) INJECTION [GENENTECH, INC.]","Jul 02, 2026",subcutaneous,False,0.0,"Each single-dose vial contains a 0.5 mL solution of mosunetuzumab-axgb (5 mg), acetic acid (0.2 mg), histidine (0.8 mg), methionine (0.7 mg), polysorbate 20 (0.3 mg), sucrose (41 mg), and Water for Injection, USP.",,,,,,,,0.0,,,,,,,,,,,,,,,,,,False
mosunetuzumab,6a2b6dc2-48bd-4da7-a611-bc6bae2893c8,"LUNSUMIO VELO (MOSUNETUZUMAB) INJECTION [GENENTECH, INC.]","Jul 02, 2026",subcutaneous,False,1.0,"Each single-dose vial contains a 1 mL solution of mosunetuzumab-axgb (45 mg), acetic acid (0.4 mg), histidine (1.6 mg), methionine (1.5 mg), polysorbate 20 (0.6 mg), sucrose (82.1 mg), and Water for Injection, USP.",,,,,,,,0.0,,,,,,,,,,,,,,,,,,False
mosunetuzumab,2ef0cf38-101c-4681-98fe-c05dc9ead443,"LUNSUMIO (MOSUNETUZUMAB) CONCENTRATE [GENENTECH, INC.]","Jun 30, 2026",intravenous,False,0.0,"Each single-dose vial contains a 1 mL solution of mosunetuzumab-axgb (1 mg), acetic acid (0.4 mg), histidine (1.6 mg), methionine (1.5 mg), polysorbate 20 (0.6 mg), sucrose (82.1 mg), and Water for Injection, USP.",,,,,,,,0.0,,,,,,,,,,,,,,,,,,False
mosunetuzumab,2ef0cf38-101c-4681-98fe-c05dc9ead443,"LUNSUMIO (MOSUNETUZUMAB) CONCENTRATE [GENENTECH, INC.]","Jun 30, 2026",intravenous,False,1.0,"Each single-dose vial contains a 30 mL solution of mosunetuzumab-axgb (30 mg), acetic acid (12.8 mg), histidine (46.6 mg), methionine (44.8 mg), polysorbate 20 (18 mg), sucrose (2,462.4 mg), and Water for Injection, USP.",,,,,,,,0.0,,,,,,,,,,,,,,,,,,False
nemolizumab,e9229ef1-ac60-4c24-afb6-009d3c781687,"NEMLUVIO (NEMOLIZUMAB-ILTO) INJECTION, POWDER, LYOPHILIZED, FOR SOLUTION [GALDERMA LABORATORIES, L.P.]","Dec 16, 2025",subcutaneous,True,0.0,"One chamber contains 30 mg of nemolizumab-ilto with inactive ingredients arginine hydrochloride (9.5 mg), poloxamer 188 (0.15 mg), sucrose (25.8 mg), trometamol (0.10 mg), and tris hydrochloride for pH adjustment.",,,,,,,,0.0,,,7.0,True,False,,144.0,,,,,,,,,,,False
naxitamab,b0f5ee96-369f-4cb9-a783-3bfa70fe8f90,DANYELZA (NAXITAMAB) INJECTION [BTG INTERNATIONAL INC.],"Sep 02, 2026",intravenous,False,0.0,"Each mL of solution contains 4 mg of naxitamab-gqgk, and citric acid anhydrous (0.71 mg), poloxamer 188 (1.5 mg), sodium chloride (7.01 mg), sodium citrate (6.3 mg), and Water for Injection, USP.",,,,,,,,0.0,,,,,,,144.0,,,,,,,,,,,False
naxitamab,29a80c6b-8bad-4650-8c7f-f18490c868ec,"DANYELZA (NAXITAMAB) INJECTION [Y-MABS THERAPEUTICS, INC.]","Sep 08, 2025",intravenous,False,0.0,"Each mL of solution contains 4 mg of naxitamab-gqgk, and citric acid anhydrous (0.71 mg), poloxamer 188 (1.5 mg), sodium chloride (7.01 mg), sodium citrate (6.3 mg), and Water for Injection, USP.",,,,,,,,0.0,,,,,,,144.0,,,,,,,,,,,False
nirsevimab,2f08fa60-f674-432d-801b-1f9514bd9b39,BEYFORTUS (NIRSEVIMAB) INJECTION [SANOFI VACCINES US INC.],"Aug 21, 2026",,False,0.0,"Each 0.5 mL contains 50 mg nirsevimab-alip, arginine hydrochloride (8 mg), histidine (1.1 mg), L-histidine hydrochloride monohydrate (1.6 mg), polysorbate 80 (0.1 mg), sucrose (21 mg), and water for injection (USP).",0.5,,,polysorbate 80,0.02,,,4.0,histidine,29.44,,,,,,,,,122.7,4.2,,,,,,False
nirsevimab,2f08fa60-f674-432d-801b-1f9514bd9b39,BEYFORTUS (NIRSEVIMAB) INJECTION [SANOFI VACCINES US INC.],"Aug 21, 2026",,False,1.0,"Each 1 mL contains 100 mg nirsevimab-alip, arginine hydrochloride (17 mg), histidine (2.2 mg), L-histidine hydrochloride monohydrate (3.3 mg), polysorbate 80 (0.2 mg), sucrose (41 mg), and water for injection (USP).",1.0,,,polysorbate 80,0.02,,,4.0,histidine,29.92,,,,,,,,,119.78,4.1,,,,,,False
obiltoxaximab,39ad8799-00a4-4fc8-9852-c0536350c474,"ANTHIM (OBILTOXAXIMAB) SOLUTION [ELUSYS THERAPEUTICS, INC.]","Nov 25, 2025",intravenous,False,0.0,"Each mL contains 100 mg obiltoxaximab in L-histidine (6.2 mg), polysorbate 80 (0.1 mg), sorbitol (36 mg) with a pH of 5.5.",,,,,,,,0.0,,,5.5,False,True,,148.0,,,,,,,,,,,False
natalizumab,ef653c36-dd4b-4e71-9d2d-40b8fea24b67,TYRUKO (NATALIZUMAB-SZTN) INJECTION [SANDOZ INC],"Jan 23, 2026",intravenous,False,0.0,"Each 15 mL of solution contains 300 mg natalizumab-sztn; histidine (6.36 mg); L-histidine hydrochloride monohydrate (22.86 mg); polysorbate 80, USP/NF (3 mg); sodium chloride, USP (131.49 mg); and Water for Injection, USP at pH 5.7.",15.0,,,,,,,3.0,histidine,10.0,5.7,False,True,150.0,,,,,,,,,,,,True
natalizumab,c5fdde91-1989-4dd2-9129-4f3323ea2962,TYSABRI (NATALIZUMAB) INJECTION [BIOGEN INC.],"Dec 25, 2025",intravenous,False,0.0,"Each 15 mL of solution contains 300 mg natalizumab; sodium chloride, USP (123 mg); sodium phosphate, monobasic, monohydrate, USP (17 mg); sodium phosphate, dibasic, heptahydrate, USP (7.24 mg); polysorbate 80, USP/NF (3 mg), in Water for Injection, USP at pH 6.1.",15.0,,,,,,,3.0,phosphate,10.01,6.1,False,True,140.31,,,,,,,,,,,,True
obinutuzumab,df12ceb2-5b4b-4ab5-a317-2a36bf2a3cda,"GAZYVA (OBINUTUZUMAB) INJECTION, SOLUTION, CONCENTRATE [GENENTECH, INC.]","Dec 23, 2025",intravenous,False,0.0,"Each vial contains in 40 mL: 1,000 mg obinutuzumab, L-histidine (57.6 mg), L-histidine hydrochloride monohydrate (89.6 mg), trehalose dihydrate (3632 mg), and poloxamer 188 (8 mg).",40.0,,,poloxamer 188,0.02,240.0,9.08,3.0,histidine,10.69,,,,,,,,,,,,,,,,False
odesivimab,0536b6fe-6fe5-4fd6-8cc6-1b481945c1fa,"INMAZEB (ATOLTIVIMAB, MAFTIVIMAB, AND ODESIVIMAB-EBGN) INJECTION, SOLUTION [REGENERON PHARMACEUTICALS, INC.]","Dec 22, 2025",intravenous,False,0.0,"Each mL contains 16.67 mg of atoltivimab, 16.67 mg of maftivimab, 16.67 mg of odesivimab, and L-histidine (0.74 mg), L-histidine monohydrochloride monohydrate (1.09 mg), polysorbate 80 (1 mg), sucrose (100 mg), and Water for Injection, USP with a pH of 6.0. 33.33 mg/33.33 mg/33.33 mg per mL:",,,,,,,,0.0,,,6.0,False,True,,145.0,,,,,,,,,,,False
odesivimab,0536b6fe-6fe5-4fd6-8cc6-1b481945c1fa,"INMAZEB (ATOLTIVIMAB, MAFTIVIMAB, AND ODESIVIMAB-EBGN) INJECTION, SOLUTION [REGENERON PHARMACEUTICALS, INC.]","Dec 22, 2025",intravenous,False,1.0,"Each vial contains 483.3 mg of atoltivimab, 483.3 mg of maftivimab, and 483.3 mg of odesivimab in 14.5 mL.",14.5,,,,,,,2.0,,,6.0,False,False,,145.0,,,,,,,,,,,False
odesivimab,0536b6fe-6fe5-4fd6-8cc6-1b481945c1fa,"INMAZEB (ATOLTIVIMAB, MAFTIVIMAB, AND ODESIVIMAB-EBGN) INJECTION, SOLUTION [REGENERON PHARMACEUTICALS, INC.]","Dec 22, 2025",intravenous,False,2.0,"Each mL contains 33.33 mg of atoltivimab, 33.33 mg of maftivimab, 33.33 mg of odesivimab, and L-histidine (0.74 mg), L-histidine monohydrochloride monohydrate (1.09 mg), polysorbate 80 (1 mg), sucrose (100 mg), and Water for Injection, USP with a pH of 6.0.",,,,,,,,0.0,,,6.0,False,True,,145.0,,,,,,,,,,,False
ofatumumab,6a8a3f53-2062-48ff-9dbe-b939df133ca3,"KESIMPTA (OFATUMUMAB) INJECTION, SOLUTION [NOVARTIS PHARMACEUTICALS CORPORATION]","Apr 10, 2026",subcutaneous,False,0.0,"Each 0.4 mL contains 20 mg of ofatumumab, and arginine (4 mg), disodium edetate (0.007 mg), polysorbate 80 (0.08 mg), sodium acetate trihydrate (2.722 mg), sodium chloride (1.192 mg), and Water for Injection, USP with a pH of 5.5.",0.4,,,polysorbate 80,0.02,,,4.0,acetate,50.01,5.5,False,True,50.99,146.0,,,,,,,,,,,True
ocrelizumab,b216af61-99d0-42a3-afc2-b5bf86df1ec0,"OCREVUS ZUNOVO (OCRELIZUMAB AND HYALURONIDASE) INJECTION, SOLUTION [GENENTECH, INC.]","Aug 20, 2026",subcutaneous,False,0.0,"Each 23 mL of solution contains 920 mg ocrelizumab, 23,000 units of hyaluronidase (human recombinant), glacial acetic acid (5.5 mg), methionine (34.3 mg), polysorbate 20 (13.8 mg), sodium acetate (30.2 mg), trehalose (1889.5 mg), and water for injection at pH 5.3.",23.0,,,polysorbate 20,0.06,240.0,8.2152,5.0,acetate,19.99,5.3,False,True,,61.0,,,,,,9.99,,,,,True
ocrelizumab,9da42362-3bb5-4b83-b4bb-b59fd4e55f0d,"OCREVUS (OCRELIZUMAB) INJECTION [GENENTECH, INC.]","May 20, 2026",intravenous,False,0.0,"Each mL of solution contains 30 mg ocrelizumab, glacial acetic acid (0.25 mg), polysorbate 20 (0.2 mg), sodium acetate trihydrate (2.14 mg), and trehalose dihydrate (40 mg) at pH 5.3.",,,,,,,,0.0,,,5.3,False,True,,,,,,,,,,,,,False
palivizumab,3a0096c7-8139-44cd-bba4-520ab05c2cb2,"SYNAGIS (PALIVIZUMAB) INJECTION, SOLUTION [SWEDISH ORPHAN BIOVITRUM AB (PUBL)]","Jan 26, 2026",,False,0.0,"Each 100 mg single-dose vial of Synagis liquid solution contains 100 mg of palivizumab and also contains chloride (0.5 mg), glycine (0.1 mg), and histidine (3.9 mg), in a volume of 1 mL.",,,,,,,,0.0,,,6.0,False,False,,148.0,,,,,,,,,,,False
palivizumab,3a0096c7-8139-44cd-bba4-520ab05c2cb2,"SYNAGIS (PALIVIZUMAB) INJECTION, SOLUTION [SWEDISH ORPHAN BIOVITRUM AB (PUBL)]","Jan 26, 2026",,False,1.0,"Each 50 mg single-dose vial of Synagis liquid solution contains 50 mg of palivizumab and also contains chloride (0.2 mg), glycine (0.06 mg), and histidine (1.9 mg), in a volume of 0.5 mL.",,,,,,,,0.0,,,6.0,False,False,,148.0,,,,,,,,,,,False
panitumumab,e0fa4bca-f245-4d92-ae29-b0c630a315c2,"VECTIBIX (PANITUMUMAB) SOLUTION [AMGEN, INC]","Jun 26, 2026",intravenous,False,0.0,"Each single-dose 5 mL vial contains 100 mg of panitumumab, 34 mg sodium acetate, 29 mg sodium chloride, and Water for Injection, USP.",,,,,,,,0.0,,,,,,,147.0,,,,,,,,,,,False
panitumumab,e0fa4bca-f245-4d92-ae29-b0c630a315c2,"VECTIBIX (PANITUMUMAB) SOLUTION [AMGEN, INC]","Jun 26, 2026",intravenous,False,1.0,"Each single-dose 20 mL vial contains 400 mg of panitumumab, 136 mg sodium acetate, 117 mg sodium chloride, and Water for Injection, USP.",,,,,,,,0.0,,,,,,,147.0,,,,,,,,,,,False
pemivibart,0bdc20a9-791f-9a06-e063-6394a90a84cc,"PEMGARDA (PEMIVIBART) INJECTION [INVIVYD, INC]","May 14, 2026",intravenous,False,0.0,"Each 4 mL of solution contains 500 mg of pemivibart, glycine (33.03 mg), L-arginine hydrochloride (63.2 mg), L‑histidine (3.67 mg), L-histidine hydrochloride monohydrate (3.43 mg), L-methionine (5.97 mg), polysorbate 80 (1.2 mg), sterile water for injection (USP).",4.0,,,polysorbate 80,0.03,,,5.0,histidine,10.0,,,,,147.51,,,,,,10.0,,,75.0,,False
omalizumab,dbd8709f-1636-45d9-ba94-5a3bc5f22f84,"OMLYCLO (OMALIZUMAB-IGEC) INJECTION [CELLTRION USA, INC.]","Sep 02, 2026",subcutaneous,False,0.0,"Each 75 mg prefilled syringe delivers 75 mg omalizumab-igec in 0.5 mL and contains arginine hydrochloride (21.065 mg), histidine (0.685 mg), L-histidine hydrochloride monohydrate (1.17 mg), and polysorbate 20 (0.2 mg) in Water for Injection (WFI), USP.",0.5,,,polysorbate 20,0.04,,,4.0,histidine,19.99,,,,,149.0,,,,,,,,,199.99,,False
omalizumab,dbd8709f-1636-45d9-ba94-5a3bc5f22f84,"OMLYCLO (OMALIZUMAB-IGEC) INJECTION [CELLTRION USA, INC.]","Sep 02, 2026",subcutaneous,False,1.0,"Each 150 mg prefilled syringe delivers 150 mg omalizumab-igec in 1 mL and contains arginine hydrochloride (42.13 mg), histidine (1.37 mg), L-histidine hydrochloride monohydrate (2.34 mg), and polysorbate 20 (0.4 mg) in WFI, USP.",1.0,,,polysorbate 20,0.04,,,4.0,histidine,19.99,,,,,149.0,,,,,,,,,199.99,,False
omalizumab,dbd8709f-1636-45d9-ba94-5a3bc5f22f84,"OMLYCLO (OMALIZUMAB-IGEC) INJECTION [CELLTRION USA, INC.]","Sep 02, 2026",subcutaneous,False,2.0,"Each 300 mg prefilled syringe delivers 300 mg omalizumab-igec in 2 mL and contains arginine hydrochloride (84.26 mg), histidine (2.74 mg), L-histidine hydrochloride monohydrate (4.68 mg), and polysorbate 20 (0.8 mg) in WFI, USP.",2.0,,,polysorbate 20,0.04,,,4.0,histidine,19.99,,,,,149.0,,,,,,,,,199.99,,False
omalizumab,7f6a2191-adfb-48b9-9bfa-0d9920479f0d,"XOLAIR (OMALIZUMAB) INJECTION, SOLUTION XOLAIR PFS (OMALIZUMAB) INJECTION, SOLUTION XOLAIR (OMALIZUMAB) INJECTION, SOLUTION [GENENTECH, INC.]","Aug 20, 2026",subcutaneous,True,0.0,"Each 75 mg prefilled syringe or autoinjector delivers 75 mg omalizumab in 0.5 mL and contains arginine hydrochloride (21.05 mg), histidine (0.68 mg), L-histidine hydrochloride monohydrate (1.17 mg), and polysorbate 20 (0.2 mg) in Sterile Water for Injection (SWFI), USP.",0.5,,,polysorbate 20,0.04,,,3.0,histidine,19.93,,,,,149.0,,,,,,,,,,,False
omalizumab,7f6a2191-adfb-48b9-9bfa-0d9920479f0d,"XOLAIR (OMALIZUMAB) INJECTION, SOLUTION XOLAIR PFS (OMALIZUMAB) INJECTION, SOLUTION XOLAIR (OMALIZUMAB) INJECTION, SOLUTION [GENENTECH, INC.]","Aug 20, 2026",subcutaneous,True,1.0,"Each 150 mg prefilled syringe or autoinjector delivers 150 mg omalizumab in 1 mL and contains arginine hydrochloride (42.1 mg), histidine (1.37 mg), L-histidine hydrochloride monohydrate (2.34 mg), and polysorbate 20 (0.4 mg) in SWFI, USP.",1.0,,,polysorbate 20,0.04,,,3.0,histidine,19.99,,,,,149.0,,,,,,,,,,,False
omalizumab,7f6a2191-adfb-48b9-9bfa-0d9920479f0d,"XOLAIR (OMALIZUMAB) INJECTION, SOLUTION XOLAIR PFS (OMALIZUMAB) INJECTION, SOLUTION XOLAIR (OMALIZUMAB) INJECTION, SOLUTION [GENENTECH, INC.]","Aug 20, 2026",subcutaneous,True,2.0,"Each 300 mg prefilled syringe or autoinjector delivers 300 mg omalizumab in 2 mL and contains arginine hydrochloride (84.2 mg), histidine (2.74 mg), L-histidine hydrochloride monohydrate (4.68 mg), and polysorbate 20 (0.8 mg) in SWFI, USP.",2.0,,,polysorbate 20,0.04,,,3.0,histidine,19.99,,,,,149.0,,,,,,,,,,,False
omalizumab,7f6a2191-adfb-48b9-9bfa-0d9920479f0d,"XOLAIR (OMALIZUMAB) INJECTION, SOLUTION XOLAIR PFS (OMALIZUMAB) INJECTION, SOLUTION XOLAIR (OMALIZUMAB) INJECTION, SOLUTION [GENENTECH, INC.]","Aug 20, 2026",subcutaneous,True,3.0,"Each 1.2 mL of reconstituted solution also contains histidine (1.3 mg), L-histidine hydrochloride monohydrate (2.1 mg), polysorbate 20 (0.4 mg) and sucrose (108 mg).",1.2,,,polysorbate 20,0.03333,,,4.0,histidine,15.33,,,,,149.0,,,,262.93,9.0,,,,,,False
penpulimab,830004e8-31af-4cc6-ab16-e870cab1c5ca,"PENPULIMAB KCQX (PENPULIMAB) INJECTION [AKESO BIOPHARMA, CO., LTD]","Apr 30, 2025",intravenous,False,0.0,"Each mL of solution contains: penpulimab-kcqx 10 mg, acetic acid (0.09 mg), polysorbate 80 (0.2 mg), sodium acetate (2.52 mg), sorbitol (45 mg), and Water for Injection, USP.",,,,,,,,0.0,,,,,,,150.0,,,,,,,,,,,False
pozelimab,a8d6f10e-9430-450a-a3dd-b538f9b2a308,"VEOPOZ (POZELIMAB) INJECTION, SOLUTION [REGENERON PHARMACEUTICALS, INC.]","Dec 10, 2025",subcutaneous,False,0.0,"Each mL contains 200 mg pozelimab-bbfg, arginine hydrochloride (21 mg), histidine (1.15 mg), L-histidine hydrochloride monohydrate (2.65 mg), polysorbate 80 (1.5 mg), sucrose (20 mg), and Water for Injection, USP.",,,,,,,,0.0,,,5.8,False,False,,145.0,,,,,,,,,,,False
polatuzumab,20a16ab2-f338-4abb-9dcd-254bd949a2bc,"POLIVY (POLATUZUMAB VEDOTIN) INJECTION, POWDER, LYOPHILIZED, FOR SOLUTION [GENENTECH, INC.]","Aug 28, 2026",intravenous,True,0.0,"Each single-dose 30 mg POLIVY vial delivers 30 mg of polatuzumab vedotin-piiq, polysorbate-20 (1.8 mg), sodium hydroxide (0.82 mg), succinic acid (1.77 mg), and sucrose (62 mg).",,,,,,,,0.0,,,5.3,False,False,,150.0,,,,,,,,,,,False
polatuzumab,20a16ab2-f338-4abb-9dcd-254bd949a2bc,"POLIVY (POLATUZUMAB VEDOTIN) INJECTION, POWDER, LYOPHILIZED, FOR SOLUTION [GENENTECH, INC.]","Aug 28, 2026",intravenous,True,1.0,"Each single-dose 140 mg POLIVY vial delivers 140 mg of polatuzumab vedotin-piiq, polysorbate-20 (8.4 mg), sodium hydroxide (3.8 mg), succinic acid (8.27 mg), and sucrose (288 mg).",,,,,,,,0.0,,,5.3,False,False,,150.0,,,,,,,,,,,False
nivolumab,f570b9c4-6846-4de2-abfa-4d0a4ae4e394,"OPDIVO (NIVOLUMAB) INJECTION [E.R. SQUIBB & SONS, L.L.C.]","Aug 28, 2026",intravenous,False,0.0,"Each mL of OPDIVO solution contains nivolumab 10 mg, mannitol (30 mg), pentetic acid (0.008 mg), polysorbate 80 (0.2 mg), sodium chloride (2.92 mg), sodium citrate dihydrate (5.88 mg), and Water for Injection, USP.",,,,,,,,0.0,,,,,,,,,,,,,,,,,,False
nivolumab,7f8c38fa-42f4-4387-9e8c-7a1c66855d8b,"OPDIVO QVANTIG (NIVOLUMAB AND HYALURONIDASE-NVHY) INJECTION, SOLUTION [E.R. SQUIBB & SONS, L.L.C.]","Aug 03, 2026",subcutaneous,False,0.0,"Each 2.5 mL single-dose vial contains 300 mg of nivolumab and 5,000 units of hyaluronidase (human recombinant), and the inactive ingredients: histidine (3.88 mg), histidine hydrochloride monohydrate (5.25 mg), methionine (1.87 mg), pentetic acid (0.049 mg), polysorbate 80 (1.25 mg), sucrose (214 mg), and Water for Injection, USP.",2.5,,,polysorbate 80,0.05,,,6.0,histidine,20.02,2.0,False,False,,61.0,,,,250.07,8.56,5.01,,,,,True
nivolumab,7f8c38fa-42f4-4387-9e8c-7a1c66855d8b,"OPDIVO QVANTIG (NIVOLUMAB AND HYALURONIDASE-NVHY) INJECTION, SOLUTION [E.R. SQUIBB & SONS, L.L.C.]","Aug 03, 2026",subcutaneous,False,1.0,"Each 5 mL single-dose vial contains 600 mg of nivolumab and 10,000 units of hyaluronidase (human recombinant), and the inactive ingredients: histidine (7.75 mg), histidine hydrochloride monohydrate (10.5 mg), methionine (3.73 mg), pentetic acid (0.0985 mg), polysorbate 80 (2.5 mg), sucrose (428 mg), and Water for Injection, USP.",5.0,,,polysorbate 80,0.05,,,6.0,histidine,20.01,2.0,False,False,,61.0,,,,250.07,8.56,5.0,,,,,True
nivolumab,b22c9d83-3256-4e17-85f7-f331a504adc6,"OPDUALAG (NIVOLUMAB AND RELATLIMAB-RMBW) INJECTION [E.R. SQUIBB & SONS, L.L.C.]","Jun 22, 2026",intravenous,False,0.0,"Each mL of OPDUALAG solution contains 12 mg of nivolumab, 4 mg of relatlimab, and histidine (1.1 mg), L-histidine hydrochloride monohydrate (2.7 mg), pentetic acid (0.008 mg), polysorbate 80 (0.5 mg), sucrose (85.6 mg), and Water for Injection, USP.",,,,,,,,0.0,,,,,,,,,,,,,,,,,,False
pertuzumab,27dd5e6b-72cd-458d-a015-cf4dab5800da,"PHESGO (PERTUZUMAB, TRASTUZUMAB, AND HYALURONIDASE-ZZXF) INJECTION, SOLUTION [GENENTECH, INC.]","May 25, 2026",subcutaneous,False,0.0,"PHESGO injection is supplied as two different configurations: PHESGO is supplied in a 15 mL single-dose vial containing 1,200 mg of pertuzumab, 600 mg of trastuzumab, and 30,000 units of hyaluronidase, and α,α-trehalose (397 mg), L-histidine (6.75 mg), L-histidine hydrochloric monohydrate (53.7 mg), L-methionine (22.4 mg), polysorbate 20 (6 mg), and sucrose (685 mg) with a pH of 5.5. PHESGO is supplied in a 10 mL single-dose vial containing 600 mg of pertuzumab, 600 mg of trastuzumab, and 20,000 units of hyaluronidase, and α,α-trehalose (397 mg), L-histidine (4.4 mg), L-histidine hydrochloric monohydrate (36.1 mg), L-methionine (14.9 mg), polysorbate 20 (4 mg), and sucrose (342 mg) with a pH of 5.5.",15.0,,,polysorbate 20,0.02667,77.32,2.6467,7.0,histidine,17.4,5.5,False,True,,148.0,,,,66.61,2.28,6.66,,,,,True
pertuzumab,17f85d17-ab71-4f5b-9fe3-0b8c822f69ff,"PERJETA (PERTUZUMAB) INJECTION, SOLUTION, CONCENTRATE [GENENTECH, INC.]","May 04, 2026",intravenous,False,0.0,"Each single-dose vial contains 420 mg of pertuzumab,glacial acetic acid (9.2 mg), histidine (43.5 mg), polysorbate 20 (2.8 mg), and sucrose (575.1 mg) with a pH of 6.",,,,,,,,0.0,,,6.0,False,True,,148.0,,,,,,,,,,,False
ramucirumab,c6080942-dee6-423e-b688-1272c2ae90d4,CYRAMZA (RAMUCIRUMAB) SOLUTION [ELI LILLY AND COMPANY],"Jun 10, 2026",intravenous,False,0.0,"CYRAMZA is formulated in glycine (9.98 mg/mL), histidine (0.65 mg/mL), histidine monohydrochloride (1.22 mg/mL), polysorbate 80 (0.1 mg/mL), sodium chloride (4.383 mg/mL), and Water for Injection, USP, pH 6.0.",,9.98,,,,,,0.0,,,6.0,False,True,,147.0,,,,,,,,,,,False
ravulizumab,a9a590d9-0217-43c7-908d-e62a71279791,"ULTOMIRIS (RAVULIZUMAB) SOLUTION, CONCENTRATE [ALEXION PHARMACEUTICALS INC.]","Nov 17, 2025",intravenous,False,0.0,"Each mL also contains L-arginine (4.33 mg), polysorbate 80 (0.5 mg) (vegetable origin), sodium phosphate dibasic (4.42 mg), sodium phosphate monobasic (4.57 mg), sucrose (50 mg), and Water for Injection, USP.",,,,,,,,0.0,,,7.4,False,False,,148.0,,,,,,,,,,,False
relatlimab,b22c9d83-3256-4e17-85f7-f331a504adc6,"OPDUALAG (NIVOLUMAB AND RELATLIMAB-RMBW) INJECTION [E.R. SQUIBB & SONS, L.L.C.]","Jun 22, 2026",intravenous,False,0.0,"Each mL of OPDUALAG solution contains 12 mg of nivolumab, 4 mg of relatlimab, and histidine (1.1 mg), L-histidine hydrochloride monohydrate (2.7 mg), pentetic acid (0.008 mg), polysorbate 80 (0.5 mg), sucrose (85.6 mg), and Water for Injection, USP.",,,,,,,,0.0,,,,,,,,,,,,,,,,,,False
reslizumab,053b9158-2a5b-48b9-bf47-5fa78a35ec33,"CINQAIR (RESLIZUMAB) INJECTION, SOLUTION, CONCENTRATE [TEVA RESPIRATORY, LLC]","May 15, 2026",intravenous,False,0.0,"Each mL contains 10 mg of reslizumab, glacial acetic acid (0.12 mg), sodium acetate trihydrate (2.45 mg), and sucrose (70 mg), with a pH of 5.5.",,,,,,,,0.0,,,5.5,False,True,,147.0,,,,,,,,,,,False
retifanlimab,109648d0-d30a-42fc-8273-39cb1540a751,ZYNYZ (RETIFANLIMAB-DLWR) INJECTION [INCYTE CORPORATION],"Jul 13, 2026",intravenous,False,0.0,"Each mL contains 25 mg of retifanlimab-dlwr, glacial acetic acid (0.18 mg), polysorbate 80 (0.1 mg), sodium acetate (0.57 mg), sucrose (90 mg), and Water for Injection, USP.",,,,,,,,0.0,,,,,,,148.0,,,,,,,,,,,False
romosozumab,471baba2-7154-4488-9891-0db2f46791e7,"EVENITY (ROMOSOZUMAB-AQQG) INJECTION, SOLUTION [AMGEN, INC]","Aug 03, 2026",subcutaneous,False,0.0,"Each single-use prefilled syringe delivers 1.17 mL of solution containing 105 mg of romosozumab-aqqg, acetate (3.8 mg), calcium (0.61 mg), polysorbate 20 (0.07 mg) and sucrose (70 mg) in Water for Injection, USP, and sodium hydroxide to a pH of 5.2.",1.17,,,polysorbate 20,0.00598,,,3.0,,,5.2,False,True,,149.0,,,,174.79,5.9829,,,,,,False
rozanolixizumab,3c0eb8c2-c042-4954-b451-3baa77f5e6d1,"RYSTIGGO (ROZANOLIXIZUMAB) INJECTION, SOLUTION [UCB, INC.]","Jan 21, 2026",subcutaneous,False,0.0,"Each mL also contains histidine (1.05 mg), L-histidine hydrochloride monohydrate (4.87 mg), polysorbate 80 (0.30 mg), proline (28.78 mg), and water for injection, USP.",,,,,,,,0.0,,,5.6,False,False,,148.0,,,,,,,,,,,False
risankizumab,7148c8eb-b39e-e20a-6494-a6df82392858,"SKYRIZI (RISANKIZUMAB-RZAA) KIT SKYRIZI (RISANKIZUMAB-RZAA) INJECTION SKYRIZI (RISANKIZUMAB-RZAA) INJECTION, SOLUTION [ABBVIE INC.]","Jul 31, 2026",subcutaneous,False,0.0,"Each syringe delivers 55 mg of risankizumab-rzaa and the inactive ingredients glacial acetic acid (0.02 mg), polysorbate 20 (0.07 mg), sodium acetate (0.28 mg), trehalose (23.4 mg), and Water for Injection, USP.",,,,,,,,0.0,,,,,,,149.0,,,,,,,,,,,False
risankizumab,7148c8eb-b39e-e20a-6494-a6df82392858,"SKYRIZI (RISANKIZUMAB-RZAA) KIT SKYRIZI (RISANKIZUMAB-RZAA) INJECTION SKYRIZI (RISANKIZUMAB-RZAA) INJECTION, SOLUTION [ABBVIE INC.]","Jul 31, 2026",subcutaneous,False,1.0,"Each syringe delivers 90 mg of risankizumab-rzaa, and inactive ingredients polysorbate 20 (0.2 mg), sodium succinate (0.63 mg), sorbitol (41 mg), succinic acid (0.059 mg), and Water for Injection, USP.",,,,,,,,0.0,,,,,,,149.0,,,,,,,,,,,False
risankizumab,7148c8eb-b39e-e20a-6494-a6df82392858,"SKYRIZI (RISANKIZUMAB-RZAA) KIT SKYRIZI (RISANKIZUMAB-RZAA) INJECTION SKYRIZI (RISANKIZUMAB-RZAA) INJECTION, SOLUTION [ABBVIE INC.]","Jul 31, 2026",subcutaneous,False,2.0,"Each syringe and pen delivers 150 mg of risankizumab-rzaa and the inactive ingredients glacial acetic acid (0.054 mg), polysorbate 20 (0.2 mg), sodium acetate (0.75 mg), trehalose (63.33 mg), and Water for Injection, USP.",,,,,,,,0.0,,,,,,,149.0,,,,,,,,,,,False
risankizumab,7148c8eb-b39e-e20a-6494-a6df82392858,"SKYRIZI (RISANKIZUMAB-RZAA) KIT SKYRIZI (RISANKIZUMAB-RZAA) INJECTION SKYRIZI (RISANKIZUMAB-RZAA) INJECTION, SOLUTION [ABBVIE INC.]","Jul 31, 2026",subcutaneous,False,3.0,"Each syringe delivers 180 mg of risankizumab-rzaa, and inactive ingredients glacial acetic acid (0.065 mg), polysorbate 20 (0.24 mg), sodium acetate (0.898 mg), trehalose (76 mg), and Water for Injection, USP.",,,,,,,,0.0,,,,,,,149.0,,,,,,,,,,,False
risankizumab,7148c8eb-b39e-e20a-6494-a6df82392858,"SKYRIZI (RISANKIZUMAB-RZAA) KIT SKYRIZI (RISANKIZUMAB-RZAA) INJECTION SKYRIZI (RISANKIZUMAB-RZAA) INJECTION, SOLUTION [ABBVIE INC.]","Jul 31, 2026",subcutaneous,False,4.0,"Each cartridge delivers 180 mg of risankizumab-rzaa, and the inactive ingredients glacial acetic acid (0.065 mg), polysorbate 20 (0.24 mg), sodium acetate (0.9 mg), trehalose (76 mg), and Water for Injection, USP.",,,,,,,,0.0,,,,,,,149.0,,,,,,,,,,,False
risankizumab,7148c8eb-b39e-e20a-6494-a6df82392858,"SKYRIZI (RISANKIZUMAB-RZAA) KIT SKYRIZI (RISANKIZUMAB-RZAA) INJECTION SKYRIZI (RISANKIZUMAB-RZAA) INJECTION, SOLUTION [ABBVIE INC.]","Jul 31, 2026",subcutaneous,False,5.0,"Each cartridge delivers 360 mg of risankizumab-rzaa, and the inactive ingredients glacial acetic acid (0.13 mg), polysorbate 20 (0.48 mg), sodium acetate (1.8 mg), trehalose (152 mg), and Water for Injection, USP.",,,,,,,,0.0,,,,,,,149.0,,,,,,,,,,,False
risankizumab,7148c8eb-b39e-e20a-6494-a6df82392858,"SKYRIZI (RISANKIZUMAB-RZAA) KIT SKYRIZI (RISANKIZUMAB-RZAA) INJECTION SKYRIZI (RISANKIZUMAB-RZAA) INJECTION, SOLUTION [ABBVIE INC.]","Jul 31, 2026",subcutaneous,False,6.0,"Each 10 mL single-dose vial contains 600 mg of risankizumab-rzaa, and the inactive ingredients glacial acetic acid (0.54 mg), polysorbate 20 (2 mg), sodium acetate (7.5 mg), trehalose (633.3 mg), and Water for Injection, USP.",10.0,,,polysorbate 20,0.02,185.01,6.333,4.0,acetate,10.04,,,,,149.0,,,,,,,,,,,False
ranibizumab,05ed75bc-ae21-480b-9be4-cbc51689dd8a,"NUFYMCO (RANIBIZUMAB-LEYK) INJECTION, SOLUTION [ZYDUS PHARMACEUTICALS USA INC.]","Jun 11, 2026",,False,0.0,"NUFYMCO is supplied as a sterile, preservative-free solution in a single-dose container designed to deliver 0.05 mL of 10 mg/mL ranibizumab-leyk (0.5 mg dose vial) or 6 mg/mL ranibizumab-leyk (0.3 mg dose vial) aqueous solution with 10 mM histidine HCl, 10% α,α- trehalose dihydrate, 0.01% polysorbate 20, pH 5.5.",0.05,10.0,,,,,,0.0,,,5.5,False,True,,48.0,,,,,,,,,,,False
ranibizumab,77b53b2c-da0e-44b2-ade4-b08ff75a7584,"BYOOVIZ (RANIBIZUMAB-NUNA) INJECTION, SOLUTION [HARROW EYE, LLC]","Jan 02, 2026",,False,0.0,"BYOOVIZ is supplied as a preservative-free, sterile solution in a single-dose container designed to deliver 0.05 mL of 10 mg/mL BYOOVIZ (0.5 mg dose vial) aqueous solution with 10 mM histidine HCl, 10% α,α-trehalose dihydrate, 0.01% polysorbate 20, pH 5.5.",0.05,10.0,,,,,,0.0,,,5.5,False,True,,48.0,,,,,,,,,,,False
ranibizumab,9c6d9e2a-9a77-4d11-b692-de87cfde3444,"SUSVIMO (RANIBIZUMAB) INJECTION, SOLUTION [GENENTECH, INC.]","Dec 04, 2025",,False,0.0,"Each single-dose vial contains 10 mg of ranibizumab, histidine HCl (0.1 mg), polysorbate 20 (0.01 mg), sucrose (8.2 mg), and Water for Injection, in 0.1 mL of solution with a pH of 5.5.",0.1,,,polysorbate 20,0.01,,,2.0,,,5.5,False,True,,48.0,,,,239.56,8.2,,,,,,False
ranibizumab,e46db299-edd1-4457-89b2-c1e2e505f1b0,"BYOOVIZ (RANIBIZUMAB-NUNA) INJECTION, SOLUTION [BIOGEN INC.]","Dec 02, 2025",,False,0.0,"BYOOVIZ is supplied as a preservative-free, sterile solution in a single-dose container designed to deliver 0.05 mL of 10 mg/mL BYOOVIZ (0.5 mg dose vial) aqueous solution with 10 mM histidine HCl, 10% α,α-trehalose dihydrate, 0.01% polysorbate 20, pH 5.5.",0.05,10.0,,,,,,0.0,,,5.5,False,True,,48.0,,,,,,,,,,,False
pembrolizumab,097d166f-b73b-41d3-9b37-7653cd2a0c41,"KEYTRUDA QLEX (PEMBROLIZUMAB AND BERAHYALURONIDASE ALFA-PMPH) INJECTION, SOLUTION [MERCK SHARP & DOHME LLC]","Aug 12, 2026",subcutaneous,False,0.0,"Each KEYTRUDA QLEX 2.4 mL single-dose vial contains 395 mg of pembrolizumab and 4,800 units of berahyaluronidase alfa, and histidine (0.7 mg), histidine hydrochloride monohydrate (4.1 mg), methionine (3.6 mg), polysorbate 80 (0.5 mg), sucrose (168 mg), and Water for Injection, USP.",,,,,,,,0.0,,,2.0,False,False,,149.0,,,,,,,,,,,False
pembrolizumab,097d166f-b73b-41d3-9b37-7653cd2a0c41,"KEYTRUDA QLEX (PEMBROLIZUMAB AND BERAHYALURONIDASE ALFA-PMPH) INJECTION, SOLUTION [MERCK SHARP & DOHME LLC]","Aug 12, 2026",subcutaneous,False,1.0,"Each KEYTRUDA QLEX 4.8 mL single-dose vial contains 790 mg of pembrolizumab and 9,600 units of berahyaluronidase alfa, and histidine (1.4 mg), histidine hydrochloride monohydrate (8.2 mg), methionine (7.2 mg), polysorbate 80 (1 mg), sucrose (336 mg), and Water for Injection, USP.",,,,,,,,0.0,,,2.0,False,False,,149.0,,,,,,,,,,,False
pembrolizumab,9333c79b-d487-4538-a9f0-71b91a02b287,"KEYTRUDA (PEMBROLIZUMAB) INJECTION, POWDER, LYOPHILIZED, FOR SOLUTION KEYTRUDA (PEMBROLIZUMAB) INJECTION, SOLUTION [MERCK SHARP & DOHME LLC ]","Jul 24, 2026",intravenous,False,0.0,"Each 1 mL of solution contains 25 mg of pembrolizumab and is formulated in: L-histidine (1.55 mg), polysorbate 80 (0.2 mg), sucrose (70 mg), and Water for Injection, USP.",1.0,,,polysorbate 80,0.02,,,3.0,histidine,9.99,,,,,149.0,,,,204.5,7.0,,,,,,False
sacituzumab,57a597d2-03f0-472e-b148-016d7169169d,"TRODELVY (SACITUZUMAB GOVITECAN) POWDER, FOR SOLUTION [GILEAD SCIENCES, INC.]","Jun 29, 2026",intravenous,True,0.0,"Each single-dose vial of TRODELVY delivers 180 mg sacituzumab govitecan-hziy, 71.7 mg 2-(N-morpholino) ethane sulfonic acid (MES), 1.8 mg polysorbate 80 and 153.99 mg trehalose.",,,,,,,,0.0,,,6.5,False,False,,160.0,,,,,,,,,,,False
satralizumab,64c156a4-9bad-4d45-a294-0733c141f47b,"ENSPRYNG (SATRALIZUMAB) INJECTION, SOLUTION [GENENTECH, INC.]","Jun 24, 2026",subcutaneous,False,0.0,"Each prefilled syringe or autoinjector delivers 1 mL of solution containing 120 mg satralizumab-mwge, L-arginine (26.1 mg), L-aspartic acid (pH adjustment), L-histidine (3.1 mg), poloxamer 188 (0.5 mg), and Water for Injection, USP.",1.0,,,poloxamer 188,0.05,,,2.0,histidine,19.98,6.0,False,False,,143.0,,,,,,,,,,,True
sarilumab,827bc01c-d379-4266-a18c-c7f904b76af3,"KEVZARA (SARILUMAB) INJECTION, SOLUTION [SANOFI-AVENTIS U.S. LLC]","Mar 11, 2026",subcutaneous,False,0.0,"Each syringe or pen delivers 1.14 mL of solution containing 150 mg or 200 mg of sarilumab, arginine (8.94 mg), histidine (3.71 mg), polysorbate 20 (2.28 mg), sucrose (57 mg) and Water for Injection, USP.",1.14,,,polysorbate 20,0.2,,,3.0,histidine,20.98,6.0,False,False,,150.0,,,,146.07,5.0,,,,,,True
siltuximab,8d663642-f52e-49c0-a023-2da083fdfc0b,"SYLVANT (SILTUXIMAB) INJECTION, POWDER, FOR SOLUTION [RECORDATI RARE DISEASES, INC.]","Aug 29, 2024",intravenous,True,0.0,"Each SYLVANT 100 mg single-dose vial contains 100 mg siltuximab, 3.7 mg L-histidine (from L-histidine and L-histidine monohydrochloride monohydrate), 0.8 mg polysorbate 80, and 169 mg sucrose.",,,,,,,,0.0,,,,,,,,,,,,,,,,,,False
siltuximab,8d663642-f52e-49c0-a023-2da083fdfc0b,"SYLVANT (SILTUXIMAB) INJECTION, POWDER, FOR SOLUTION [RECORDATI RARE DISEASES, INC.]","Aug 29, 2024",intravenous,True,1.0,"Each SYLVANT 400 mg single-dose vial contains 400 mg siltuximab, 14.9 mg L-histidine (from L-histidine and L-histidine monohydrochloride monohydrate), 3.2 mg polysorbate 80, and 677 mg sucrose.",,,,,,,,0.0,,,,,,,,,,,,,,,,,,False
secukinumab,77c4b13e-7df3-42d4-81db-3d0cddb7f67a,"COSENTYX (SECUKINUMAB) INJECTION COSENTYX (SECUKINUMAB) INJECTION, SOLUTION, CONCENTRATE [NOVARTIS PHARMACEUTICALS CORPORATION]","Aug 31, 2026",subcutaneous,False,0.0,"Each COSENTYX UnoReady pen (300 mg/2 mL) contains 300 mg of secukinumab formulated in: L-histidine/histidine hydrochloride monohydrate (6.206 mg), L-methionine (1.492 mg), polysorbate 80 (0.4 mg), trehalose dihydrate (151.34 mg), and Sterile Water for Injection, USP, at pH of 5.8.",2.0,150.0,,polysorbate 80,0.02,200.01,7.567,4.0,histidine,14.8,5.8,False,True,,,,,,,,5.0,,,,,True
secukinumab,77c4b13e-7df3-42d4-81db-3d0cddb7f67a,"COSENTYX (SECUKINUMAB) INJECTION COSENTYX (SECUKINUMAB) INJECTION, SOLUTION, CONCENTRATE [NOVARTIS PHARMACEUTICALS CORPORATION]","Aug 31, 2026",subcutaneous,False,1.0,"Each COSENTYX Sensoready pen or prefilled syringe (150 mg/mL) contains 150 mg of secukinumab formulated in: L-histidine/histidine hydrochloride monohydrate (3.103 mg), L-methionine (0.746 mg), polysorbate 80 (0.2 mg), trehalose dihydrate (75.67 mg), and Sterile Water for Injection, USP, at pH of 5.8.",,150.0,,,,,,0.0,,,5.8,False,True,,,,,,,,,,,,,False
secukinumab,77c4b13e-7df3-42d4-81db-3d0cddb7f67a,"COSENTYX (SECUKINUMAB) INJECTION COSENTYX (SECUKINUMAB) INJECTION, SOLUTION, CONCENTRATE [NOVARTIS PHARMACEUTICALS CORPORATION]","Aug 31, 2026",subcutaneous,False,2.0,"Each COSENTYX prefilled syringe (75 mg/0.5 mL) contains 75 mg of secukinumab formulated in: L-histidine/histidine hydrochloride monohydrate (1.552 mg), L-methionine (0.373 mg), polysorbate 80 (0.1 mg), trehalose dihydrate (37.83 mg), and Sterile Water for Injection, USP, at pH of 5.8.",0.5,150.0,,polysorbate 80,0.02,199.98,7.566,4.0,histidine,14.81,5.8,False,True,,,,,,,,5.0,,,,,True
secukinumab,77c4b13e-7df3-42d4-81db-3d0cddb7f67a,"COSENTYX (SECUKINUMAB) INJECTION COSENTYX (SECUKINUMAB) INJECTION, SOLUTION, CONCENTRATE [NOVARTIS PHARMACEUTICALS CORPORATION]","Aug 31, 2026",subcutaneous,False,3.0,"Each COSENTYX vial (125 mg/5 mL) contains 125 mg of secukinumab formulated in: L-histidine (5.67 mg), L-histidine hydrochloride monohydrate (13.3 mg), L-methionine (3.73 mg), polysorbate 80 (1 mg), trehalose dihydrate (426 mg), and Sterile Water for Injection, USP, at pH of 5.8.",5.0,25.0,,polysorbate 80,0.02,225.2,8.52,5.0,histidine,20.0,5.8,False,True,,,,,,,,5.0,,,,,True
rituximab,f941fc61-f7a3-4e4a-ab7c-87c1667fa05b,"RUXIENCE (RITUXIMAB-PVVR) INJECTION, SOLUTION [PFIZER LABORATORIES DIV PFIZER INC]","Aug 28, 2026",intravenous,False,0.0,"Each mL of solution contains 10 mg rituximab-pvvr, 0.056 mg of edetate disodium dihydrate, 1.2 mg of L-histidine, 2.57 mg of L-histidine hydrochloride monohydrate, 0.2 mg of polysorbate 80, 85 mg of sucrose, and Water for Injection, USP.",,,,,,,,0.0,,,,,,,,,,,,,,,,,,False
rituximab,da1c4de7-0e5b-4f72-97ec-7a8d368f085f,"RIABNI (RITUXIMAB-ARRX) INJECTION, SOLUTION [AMGEN, INC]","Jul 29, 2026",intravenous,False,0.0,"Each mL of solution contains 10 mg rituximab-arrx, polysorbate 80 (0.7 mg), sodium chloride (9 mg), sodium citrate dihydrate (7.35 mg), and Water for Injection, USP.",,,,,,,,0.0,,,,,,,,,,,,,,,,,,False
rituximab,9af3ddc7-4217-417a-ac89-8704edc5bc44,"TRUXIMA (RITUXIMAB-ABBS) INJECTION, SOLUTION [CEPHALON, INC.]","Jul 17, 2026",intravenous,False,0.0,"Each mL of solution contains 10 mg rituximab-abbs, polysorbate 80 (0.7 mg), sodium chloride (9 mg), tri-sodium citrate dihydrate (7.35 mg), and Water for Injection, USP.",,,,,,,,0.0,,,,,,,,,,,,,,,,,,False
rituximab,3e5b7e82-f018-4eaf-ae78-d6145a906b20,"RITUXAN HYCELA (RITUXIMAB AND HYALURONIDASE) INJECTION, SOLUTION [GENENTECH, INC.]","Dec 19, 2025",subcutaneous,False,0.0,"Each mL of solution contains rituximab (120 mg), hyaluronidase human (2,000 Units), L-histidine (0.53 mg), L-histidine hydrochloride monohydrate (3.47 mg), L-methionine (1.49 mg), polysorbate 80 (0.6 mg), α,α-trehalose dihydrate (79.45 mg), and Water for Injection.",,,,,,,,0.0,,,2.0,False,False,,,,,,,,,,,,,False
talquetamab,9001355e-003d-4d4e-b4ce-337e0fd14952,"TALVEY (TALQUETAMAB) INJECTION [JANSSEN BIOTECH, INC.]","Nov 17, 2025",subcutaneous,False,0.0,"Each TALVEY 1.5 mL single-dose vial contains 3 mg of talquetamab-tgvs, edetate disodium (0.027 mg), glacial acetic acid (0.36 mg), polysorbate 20 (0.6 mg), sodium acetate (1.39 mg), sucrose (120 mg), and Water for Injection, USP.",,,,,,,,0.0,,,,,,,,,,,,,,,,,,False
talquetamab,9001355e-003d-4d4e-b4ce-337e0fd14952,"TALVEY (TALQUETAMAB) INJECTION [JANSSEN BIOTECH, INC.]","Nov 17, 2025",subcutaneous,False,1.0,"Each TALVEY 1 mL single-dose vial contains 40 mg of talquetamab-tgvs, edetate disodium (0.018 mg), glacial acetic acid (0.24 mg), polysorbate 20 (0.4 mg), sodium acetate (0.90 mg), sucrose (80 mg), and Water for Injection, USP.",,,,,,,,0.0,,,,,,,,,,,,,,,,,,False
sutimlimab,0a25363a-7781-d9f8-cb1c-be22987bf03b,"ENJAYMO (SUTIMLIMAB-JOME) INJECTION, SOLUTION, CONCENTRATE [RECORDATI RARE DISEASES, INC.]","Mar 10, 2026",intravenous,False,0.0,"Each mL contains 50 mg of sutimlimab-jome and also contains polysorbate 80 (0.2 mg), sodium chloride (8.18 mg), sodium phosphate dibasic heptahydrate (0.48 mg), sodium phosphate monobasic monohydrate (1.13 mg), and Water for Injection, USP.",,,,,,,,0.0,,,6.1,False,False,,147.0,,,,,,,,,,,False
sutimlimab,281cf1d4-6296-4416-858e-9bff46d01b71,"ENJAYMO (SUTIMLIMAB-JOME) INJECTION, SOLUTION, CONCENTRATE [BIOVERATIV THERAPEUTICS INC.]","May 13, 2024",intravenous,False,0.0,"Each mL contains 50 mg of sutimlimab-jome and also contains polysorbate 80 (0.2 mg), sodium chloride (8.18 mg), sodium phosphate dibasic heptahydrate (0.48 mg), sodium phosphate monobasic monohydrate (1.13 mg), and Water for Injection, USP.",,,,,,,,0.0,,,6.1,False,False,,147.0,,,,,,,,,,,False
tarlatamab,1e7b6163-5d83-42ea-82c9-cf7620cdc782,"IMDELLTRA (AMG757) (TARLATAMAB-DLLE) KIT [AMGEN, INC]","Jul 20, 2026",,True,0.0,"Each 1 mg vial contains tarlatamab-dlle (1 mg), glutamic acid (0.72 mg), polysorbate 80 (0.04 mg), sucrose (37.1 mg), and sodium hydroxide to adjust pH to 4.2.",,,,,,,,0.0,,,,,,,105.0,,,,,,,,,,,False
tarlatamab,1e7b6163-5d83-42ea-82c9-cf7620cdc782,"IMDELLTRA (AMG757) (TARLATAMAB-DLLE) KIT [AMGEN, INC]","Jul 20, 2026",,True,1.0,"Each 10 mg vial contains tarlatamab-dlle (10 mg), glutamic acid (3.7 mg), polysorbate 80 (0.2 mg), sucrose (194.4 mg), and sodium hydroxide to adjust pH to 4.2.",,,,,,,,0.0,,,,,,,105.0,,,,,,,,,,,False
tafasitamab,ec13ac6b-bfde-4e84-907a-83bd69584d95,"MONJUVI (TAFASITAMAB-CXIX) INJECTION, POWDER, LYOPHILIZED, FOR SOLUTION [INCYTE CORPORATION]","Feb 06, 2026",intravenous,True,0.0,"Each single-dose vial contains 200 mg tafasitamab-cxix, citric acid monohydrate (3.7 mg), polysorbate 20 (1 mg), sodium citrate dihydrate (31.6 mg) and trehalose dihydrate (378.3 mg).",,,,,,,,0.0,,,6.0,False,False,,150.0,,,,,,,,,,,False
tafasitamab,9e0a220b-517f-4c86-b581-ffbab493fb58,"MONJUVI (TAFASITAMAB-CXIX) INJECTION, POWDER, LYOPHILIZED, FOR SOLUTION [INCYTE CORPORATION]","Nov 18, 2025",intravenous,True,0.0,"Each single-dose vial contains 200 mg tafasitamab-cxix, citric acid monohydrate (3.7 mg), polysorbate 20 (1 mg), sodium citrate dihydrate (31.6 mg) and trehalose dihydrate (378.3 mg).",,,,,,,,0.0,,,6.0,False,False,,150.0,,,,,,,,,,,False
spesolimab,41a481ee-3062-45d1-aed5-17e8b105634d,"SPEVIGO (SPESOLIMAB-SBZO) INJECTION [BOEHRINGER INGELHEIM PHARMACEUTICALS, INC.]","Jun 18, 2026",subcutaneous,False,0.0,"Each 2 mL prefilled syringe contains 300 mg spesolimab-sbzo, arginine hydrochloride (10.6 mg), glacial acetic acid (0.64 mg), polysorbate 20 (0.80 mg), sodium acetate (6.50 mg), sucrose (102.8 mg), and Water for Injection, USP with a pH of 5.2 to 5.8.",2.0,,,polysorbate 20,0.04,,,4.0,acetate,44.95,5.5,True,True,,146.0,,,,150.16,5.14,,,,,,True
spesolimab,41a481ee-3062-45d1-aed5-17e8b105634d,"SPEVIGO (SPESOLIMAB-SBZO) INJECTION [BOEHRINGER INGELHEIM PHARMACEUTICALS, INC.]","Jun 18, 2026",subcutaneous,False,1.0,"Each 1 mL prefilled syringe contains 150 mg spesolimab-sbzo, arginine hydrochloride (5.3 mg), glacial acetic acid (0.32 mg), polysorbate 20 (0.40 mg), sodium acetate (3.25 mg), sucrose (51.4 mg), and Water for Injection, USP with a pH of 5.2 to 5.8.",1.0,,,polysorbate 20,0.04,,,4.0,acetate,44.95,5.5,True,True,,146.0,,,,150.16,5.14,,,,,,True
spesolimab,41a481ee-3062-45d1-aed5-17e8b105634d,"SPEVIGO (SPESOLIMAB-SBZO) INJECTION [BOEHRINGER INGELHEIM PHARMACEUTICALS, INC.]","Jun 18, 2026",subcutaneous,False,2.0,"Each 7.5 mL vial contains 450 mg spesolimab-sbzo, arginine hydrochloride (39.5 mg), glacial acetic acid (2.4 mg), polysorbate 20 (3.0 mg), sodium acetate (24.5 mg), sucrose (386 mg), and Water for Injection, USP with a pH of 5.2 to 5.8.",7.5,,,polysorbate 20,0.04,,,4.0,acetate,45.15,5.5,True,True,,146.0,,,,150.36,5.1467,,,,,,True
spesolimab,78a4f7eb-8d34-4467-8d40-74ed24323806,SPEVIGO (SPESOLIMAB) INJECTION [LEO PHARMA INC.],"Mar 19, 2026",subcutaneous,False,0.0,"Each 2 mL prefilled syringe contains 300 mg spesolimab-sbzo, arginine hydrochloride (10.6 mg), glacial acetic acid (0.64 mg), polysorbate 20 (0.80 mg), sodium acetate (6.50 mg), sucrose (102.8 mg), and Water for Injection, USP with a pH of 5.2 to 5.8.",2.0,,,polysorbate 20,0.04,,,4.0,acetate,44.95,5.5,True,True,,146.0,,,,150.16,5.14,,,,,,True
spesolimab,78a4f7eb-8d34-4467-8d40-74ed24323806,SPEVIGO (SPESOLIMAB) INJECTION [LEO PHARMA INC.],"Mar 19, 2026",subcutaneous,False,1.0,"Each 1 mL prefilled syringe contains 150 mg spesolimab-sbzo, arginine hydrochloride (5.3 mg), glacial acetic acid (0.32 mg), polysorbate 20 (0.40 mg), sodium acetate (3.25 mg), sucrose (51.4 mg), and Water for Injection, USP with a pH of 5.2 to 5.8.",1.0,,,polysorbate 20,0.04,,,4.0,acetate,44.95,5.5,True,True,,146.0,,,,150.16,5.14,,,,,,True
spesolimab,78a4f7eb-8d34-4467-8d40-74ed24323806,SPEVIGO (SPESOLIMAB) INJECTION [LEO PHARMA INC.],"Mar 19, 2026",subcutaneous,False,2.0,"Each 7.5 mL vial contains 450 mg spesolimab-sbzo, arginine hydrochloride (39.5 mg), glacial acetic acid (2.4 mg), polysorbate 20 (3.0 mg), sodium acetate (24.5 mg), sucrose (386 mg), and Water for Injection, USP with a pH of 5.2 to 5.8.",7.5,,,polysorbate 20,0.04,,,4.0,acetate,45.15,5.5,True,True,,146.0,,,,150.36,5.1467,,,,,,True
tebentafusp,24a49f57-d2fc-4ffe-9eb1-fe0460c6b067,"KIMMTRAK (TEBENTAFUSP) INJECTION, SOLUTION, CONCENTRATE [IMMUNOCORE COMMERCIAL LLC]","Aug 24, 2026",intravenous,False,0.0,"Each single-dose vial contains tebentafusp-tebn (100 mcg), citric acid monohydrate (0.95 mg), di-sodium hydrogen phosphate (2.91 mg), mannitol (5 mg), polysorbate 20 (0.1 mg) trehalose (25 mg), and water for injection, with a pH of 6.5.",,,,,,,,0.0,,,6.5,False,True,,77.0,,,,,,,,,,,False
teprotumumab,3e6c54a1-cefd-4a5b-a855-ab9f268b6cce,"TEPEZZA (TEPROTUMUMAB) INJECTION, POWDER, LYOPHILIZED, FOR SOLUTION [HORIZON THERAPEUTICS USA, INC.]","Jul 01, 2026",intravenous,True,0.0,"Each single-dose vial delivers 500 mg of teprotumumab-trbw, histidine (7.82 mg), L-histidine hydrochloride monohydrate (33.43 mg), polysorbate 20 (1.05 mg), and trehalose (898.43 mg).",,,,,,,,0.0,,,5.5,False,False,,148.0,,,,,,,,,,,False
teplizumab,e8a39a5f-139c-4510-9777-71cbb00138fa,"TZIELD (TEPLIZUMAB-MZWV) INJECTION [PROVENTION BIO, INC.]","Aug 19, 2026",intravenous,False,0.0,"Each mL contains 1 mg of teplizumab-mzwv, dibasic sodium phosphate (0.26 mg), monobasic sodium phosphate (0.98 mg), polysorbate 80 (0.05 mg), sodium chloride (8.78 mg), and water for injection.",,,,,,,,0.0,,,,,,,150.0,,,,,,,,,,,False
tezepelumab,60f0aa03-ad25-4d48-80ce-7fcfa76f325f,"TEZSPIRE (TEZEPELUMAB-EKKO) INJECTION, SOLUTION [AMGEN INC]","Jul 24, 2026",subcutaneous,False,,,,,,,,,,,,,,,,,147.0,,,,,,,,,,,False
tildrakizumab,c6a322bb-51b9-4f0e-8642-62a9682ffcde,"ILUMYA (TILDRAKIZUMAB-ASMN) INJECTION, SOLUTION [SUN PHARMACEUTICAL INDUSTRIES, INC.]","Jul 30, 2026",subcutaneous,False,0.0,"Each 1 mL single-dose prefilled syringe contains 100 mg of tildrakizumab-asmn formulated in: L-histidine (0.495 mg), L-histidine hydrochloride monohydrate (1.42 mg), polysorbate 80 (0.5 mg), sucrose (70.0 mg), and Water for Injection, USP with a pH of 5.7-6.3.",1.0,,,polysorbate 80,0.05,,,4.0,histidine,9.96,6.0,True,True,,,,,,204.5,7.0,,,,,,True
teclistamab,54e0f974-ccee-44ea-9254-40e9883cee1e,"TECVAYLI (TECLISTAMAB-CQYV) INJECTION [JANSSEN BIOTECH, INC.]","Apr 22, 2026",subcutaneous,False,0.0,"Each TECVAYLI 3 mL single-dose vial contains 30 mg of teclistamab-cqyv, edetate disodium (0.054 mg), glacial acetic acid (0.72 mg), polysorbate 20 (1.2 mg), sodium acetate (2.7 mg), sucrose (240 mg), and Water for Injection, USP.",,,,,,,,0.0,,,,,,,,,,,,,,,,,,False
teclistamab,54e0f974-ccee-44ea-9254-40e9883cee1e,"TECVAYLI (TECLISTAMAB-CQYV) INJECTION [JANSSEN BIOTECH, INC.]","Apr 22, 2026",subcutaneous,False,1.0,"Each TECVAYLI 1.7 mL single-dose vial contains 153 mg of teclistamab-cqyv, edetate disodium (0.031 mg), glacial acetic acid (0.41 mg), polysorbate 20 (0.68 mg), sodium acetate (1.5 mg), sucrose (140 mg), and Water for Injection, USP.",,,,,,,,0.0,,,,,,,,,,,,,,,,,,False
tislelizumab,08ef1e3e-496f-4b0b-94ee-fbba3cc1985a,"TEVIMBRA (TISLELIZUMAB-JSGR) INJECTION, SOLUTION, CONCENTRATE [BEONE MEDICINES USA, INC.]","Sep 03, 2026",intravenous,False,0.0,"Each mL of TEVIMBRA solution contains tislelizumab-jsgr monoclonal antibody (10 mg), citric acid monohydrate (0.42 mg), histidine (1.72 mg), L-histidine hydrochloride monohydrate (0.82 mg), polysorbate 20 (0.2 mg), sodium citrate (5.93 mg), trehalose (65.04 mg), and Water for Injection, USP.",,,,,,,,0.0,,,,,,,147.0,,,,,,,,,,,False
tisotumab,c9fe3f32-4219-466e-acb9-3f609b4f4df1,"TIVDAK (TISOTUMAB VEDOTIN) INJECTION, POWDER, FOR SOLUTION [SEAGEN INC.]","Nov 21, 2025",,True,0.0,"Each mL of reconstituted solution contains 10 mg of tisotumab vedotin-tftv, d-mannitol (30 mg), l-histidine (2.11 mg), l-histidine monohydrochloride (3.44 mg), and sucrose (30 mg), at pH 6.0.",,,,,,,,0.0,,,6.0,False,True,,153.0,,,,,,,,,,,False
tralokinumab,d8020b69-3001-44e2-9b5d-5f93d9aaf6e1,"ADBRY (TRALOKINUMAB-LDRM) INJECTION, SOLUTION [LEO PHARMA INC.]","Dec 19, 2025",subcutaneous,False,0.0,"Each prefilled syringe delivers 150 mg tralokinumab-ldrm in 1 mL and the inactive ingredients: acetic acid (0.3 mg), polysorbate 80 (0.1 mg), sodium acetate trihydrate (6 mg), sodium chloride (5 mg), and Water for Injection, at an approximate pH of 5.5.",1.0,,,polysorbate 80,0.01,,,4.0,acetate,49.09,5.5,False,True,85.56,147.0,,,,,,,,,,,True
tralokinumab,d8020b69-3001-44e2-9b5d-5f93d9aaf6e1,"ADBRY (TRALOKINUMAB-LDRM) INJECTION, SOLUTION [LEO PHARMA INC.]","Dec 19, 2025",subcutaneous,False,1.0,"Each autoinjector delivers 300 mg tralokinumab-ldrm in 2 mL and the inactive ingredients: acetic acid (0.6 mg), polysorbate 80 (0.2 mg), sodium acetate trihydrate (12 mg), sodium chloride (10 mg), and Water for Injection, at an approximate pH of 5.5.",2.0,,,polysorbate 80,0.01,,,4.0,acetate,49.09,5.5,False,True,85.56,147.0,,,,,,,,,,,True
toripalimab,82e7921a-1e84-4988-9799-0ad7d19b2a75,"LOQTORZI (TORIPALIMAB-TPZI) INJECTION [COHERUS ONCOLOGY, INC.]","Jul 27, 2026",intravenous,False,0.0,"Each mL of solution contains 40 mg toripalimab-tpzi, citric acid monohydrate (0.51 mg), mannitol (25 mg), polysorbate 80 (0.20 mg), sodium chloride (2.92 mg), sodium citrate (4.65 mg), and Water for Injection, USP, at pH 6.0.",,,,,,,,0.0,,,6.0,False,True,,150.0,,,,,,,,,,,False
tremelimumab,6690679c-be2f-4588-a2e4-89fff74dd6be,"IMJUDO (TREMELIMUMAB) INJECTION, SOLUTION [ASTRAZENECA PHARMACEUTICALS LP]","Sep 07, 2026",intravenous,False,0.0,"Each mL contains 20 mg of tremelimumab-actl, and edetate disodium (0.09 mg), histidine (0.68 mg), L‑histidine hydrochloride monohydrate (3.3 mg), polysorbate 80 (0.2 mg), trehalose (76 mg), and Water for Injection, USP.",,,,,,,,0.0,,,,,,,149.0,,,,,,,,,,,False
ublituximab,3a77cd8c-811b-407c-9140-d0c5c26435c2,"BRIUMVI (UBLITUXIMAB) INJECTION, SOLUTION, CONCENTRATE [TG THERAPEUTICS, INC.]","Feb 23, 2026",intravenous,False,0.0,"Each mL of solution contains 25 mg ublituximab-xiiy, 0.4 mg hydrochloric acid, 0.7 mg polysorbate 80, 9.0 mg sodium chloride, 6.4 mg sodium citrate, and Water for Injection, USP.",,,,,,,,0.0,,,,,,,,,,,,,,,,,,False
vedolizumab,6e94621c-1a95-4af9-98d1-52b9e6f1949c,"ENTYVIO (VEDOLIZUMAB) INJECTION, POWDER, LYOPHILIZED, FOR SOLUTION ENTYVIO PEN (VEDOLIZUMAB) INJECTION, SOLUTION ENTYVIO (VEDOLIZUMAB) INJECTION, SOLUTION [TAKEDA PHARMACEUTICALS AMERICA, INC.]","May 13, 2026",subcutaneous,True,0.0,"Each single-dose vial contains 300 mg vedolizumab, arginine hydrochloride (131.7 mg), histidine (23 mg), histidine monohydrochloride (21.4 mg), polysorbate 80 (3 mg), and sucrose (500 mg).",,,,,,,,0.0,,,6.5,False,False,,147.0,,,,,,,,,,,False
vedolizumab,6e94621c-1a95-4af9-98d1-52b9e6f1949c,"ENTYVIO (VEDOLIZUMAB) INJECTION, POWDER, LYOPHILIZED, FOR SOLUTION ENTYVIO PEN (VEDOLIZUMAB) INJECTION, SOLUTION ENTYVIO (VEDOLIZUMAB) INJECTION, SOLUTION [TAKEDA PHARMACEUTICALS AMERICA, INC.]","May 13, 2026",subcutaneous,True,1.0,"Each single-dose prefilled syringe or single-dose prefilled pen (ENTYVIO PEN) contains 108 mg vedolizumab, arginine hydrochloride (17.77 mg), citric acid monohydrate (0.18 mg), histidine (3.86 mg), histidine monohydrochloride (1.86 mg), polysorbate 80 (1.35 mg), sodium citrate dihydrate (4.71 mg) and Sterile Water for Injection, USP, at a pH of 6.5.",,,,,,,,0.0,,,6.5,False,True,,147.0,,,,,,,,,,,False
vilobelimab,6a571038-1f6c-4e66-937c-ddf6e2a4e30a,GOHIBIC (VILOBELIMAB) INJECTION [INFLARX GMBH],"Jan 27, 2025",intravenous,False,0.0,"Each mL also contains dibasic sodium phosphate (0.97 mg), monobasic sodium phosphate (0.4 mg), polysorbate 80 (0.5 mg), sodium chloride (8.8 mg), and Water for Injection.",,,,,,,,0.0,,,,,,,149.0,,,,,,,,,,,False
zanidatamab,ae5d9425-fae5-4541-a158-150998343348,"ZIIHERA (ZANIDATAMAB-HRII) INJECTION, POWDER, LYOPHILIZED, FOR SOLUTION [JAZZ PHARMACEUTICALS, INC.]","Aug 27, 2026",intravenous,True,0.0,"Each single-dose vial of reconstituted product contains 300 mg of zanidatamab‑hrii and the inactive ingredients: polysorbate 20 (0.63 mg), sodium succinate (4.3 mg), succinic acid (4.3 mg), and sucrose (567 mg).",,,,,,,,0.0,,,4.6,False,False,,124.8,,,,,,,,,,,False
zolbetuximab,e7695a21-abb6-47ac-93f8-0ece5a9c4409,"VYLOY (ZOLBETUXIMAB) INJECTION, POWDER, FOR SUSPENSION [ASTELLAS PHARMA US, INC.]","Sep 03, 2026",intravenous,True,0.0,"Each mL of reconstituted solution contains 20 mg of zolbetuximab-clzb, arginine (23.24 mg), polysorbate 80 (0.21 mg), sucrose (51.30 mg), and phosphoric acid to adjust pH to 6.0.",,,,,,,,0.0,,,,,,,,,,,,,,,,,,False
zenocutuzumab,203daea4-fc87-40a4-a92f-ba2351b16de1,"BIZENGRI (ZENOCUTUZUMAB) INJECTION [PARTNER THERAPEUTICS, INC.]","May 25, 2026",intravenous,False,0.0,"Each vial also contains the following inactive ingredients: histidine (34.9 mg), L-histidine hydrochloride monohydrate (51.1 mg), polysorbate 20 (3.7 mg), trehalose (1412 mg), and water for injection.",,,,,,,,0.0,,,,,,,146.0,,,,,,,,,,,False
zenocutuzumab,2a33e782-fc75-4dba-b77c-a44536ac13a5,"BIZENGRI (ZENOCUTUZUMAB) INJECTION [MERUS US, INC.]","Jan 23, 2025",intravenous,False,0.0,"Each vial also contains the following inactive ingredients: histidine (34.9 mg), L-histidine hydrochloride monohydrate (51.1 mg), polysorbate 20 (3.7 mg), trehalose (1412 mg), and water for injection.",,,,,,,,0.0,,,,,,,146.0,,,,,,,,,,,False
trastuzumab,b6465b44-a6dd-f99c-d009-6851cf05169c,"OGIVRI (TRASTUZUMAB-DKST) KIT OGIVRI (TRASTUZUMAB-DKST) INJECTION, POWDER, LYOPHILIZED, FOR SOLUTION [BIOCON BIOLOGICS INC.]","Aug 17, 2026",intravenous,True,0.0,"Each multiple-dose vial of Ogivri delivers 420 mg trastuzumab-dkst, D-sorbitol (322.6 mg), L-Histidine (6.0 mg), Histidine hydrochloride monohydrate (9.4 mg) and Polyethylene glycol 3350/Macrogol 3350 (94.1 mg).",,,,,,,,0.0,,,6.0,False,False,,,,,,,,,,,,,False
trastuzumab,b6465b44-a6dd-f99c-d009-6851cf05169c,"OGIVRI (TRASTUZUMAB-DKST) KIT OGIVRI (TRASTUZUMAB-DKST) INJECTION, POWDER, LYOPHILIZED, FOR SOLUTION [BIOCON BIOLOGICS INC.]","Aug 17, 2026",intravenous,True,1.0,"Each single-dose vial of Ogivri delivers 150 mg trastuzumab-dkst, D-sorbitol (115.2 mg), L-Histidine (2.16 mg), L-Histidine hydrochloride monohydrate (3.36 mg) and Polyethylene glycol 3350/Macrogol 3350 (33.6 mg).",,,,,,,,0.0,,,6.0,False,False,,,,,,,,,,,,,False
trastuzumab,9a94f5b2-b84e-4987-8ea1-c4346db5a5fa,"KANJINTI (TRASTUZUMAB-ANNS) INJECTION, POWDER, LYOPHILIZED, FOR SOLUTION [AMGEN, INC]","Jun 26, 2026",intravenous,True,0.0,"Each multiple-dose vial of KANJINTI delivers 420 mg trastuzumab-anns, 381.8 mg α,α-trehalose dihydrate, 9.5 mg L-histidine HCl monohydrate, 6.1 mg L-histidine, and 1.7 mg polysorbate 20.",,,,,,,,0.0,,,6.0,False,False,,,,,,,,,,,,,False
trastuzumab,9a94f5b2-b84e-4987-8ea1-c4346db5a5fa,"KANJINTI (TRASTUZUMAB-ANNS) INJECTION, POWDER, LYOPHILIZED, FOR SOLUTION [AMGEN, INC]","Jun 26, 2026",intravenous,True,1.0,"Each single-dose vial of KANJINTI delivers 150 mg trastuzumab-anns, 136.2 mg α,α-trehalose dihydrate, 3.4 mg L-histidine HCl monohydrate, 2.2 mg L-histidine, and 0.6 mg polysorbate 20.",,,,,,,,0.0,,,6.0,False,False,,,,,,,,,,,,,False
trastuzumab,492dbdb2-077e-4064-bff3-372d6af0a7a2,"HERCEPTIN (TRASTUZUMAB) INJECTION, POWDER, LYOPHILIZED, FOR SOLUTION [GENENTECH, INC.]","Jun 03, 2026",intravenous,True,0.0,"Each single-dose vial of Herceptin delivers 150 mg trastuzumab, 136.2 mg α,α-trehalose dihydrate, 3.4 mg L-histidine HCl monohydrate, 2.2 mg L-histidine, and 0.6 mg polysorbate 20.",,,,,,,,0.0,,,6.0,False,False,,,,,,,,,,,,,False
trastuzumab,ebf30894-41cf-480c-8bc3-56f592a13813,"HERCEPTIN HYLECTA (TRASTUZUMAB AND HYALURONIDASE-OYSK) INJECTION, SOLUTION [GENENTECH, INC.]","Jun 03, 2026",subcutaneous,False,0.0,"Each mL of solution contains trastuzumab (120 mg), hyaluronidase (2,000 units), L-histidine (0.39 mg), L-histidine hydrochloride monohydrate (3.67 mg), L-methionine (1.49 mg), polysorbate 20 (0.4 mg), α,α-trehalose dihydrate (79.45 mg), and Water for Injection.",,,,,,,,0.0,,,2.0,False,False,,148.0,,,,,,,,,,,False
ustekinumab,052a3fb2-21c3-4c4e-a01e-afdd1accd1cd,"USTEKINUMAB-AEKN INJECTION, SOLUTION [TEVA PHARMACEUTICALS USA, INC.]","Aug 03, 2026",subcutaneous,False,0.0,"Each 0.5 mL prefilled syringe or vial delivers 45 mg ustekinumab-aekn, histidine (0.122 mg), L-histidine monohydrochloride monohydrate (0.507 mg), polysorbate 80 (0.02 mg), sucrose (38 mg) and water for injection (q.s).",0.5,,,polysorbate 80,0.004,,,3.0,histidine,4.84,6.0,True,False,,,,,,222.03,7.6,,,,,,True
ustekinumab,052a3fb2-21c3-4c4e-a01e-afdd1accd1cd,"USTEKINUMAB-AEKN INJECTION, SOLUTION [TEVA PHARMACEUTICALS USA, INC.]","Aug 03, 2026",subcutaneous,False,1.0,"Each 1 mL prefilled syringe delivers 90 mg ustekinumab-aekn, histidine (0.243 mg), L-histidine monohydrochloride monohydrate (1.013 mg), polysorbate 80 (0.04 mg), sucrose (76 mg) and water for injection (q.s).",1.0,,,polysorbate 80,0.004,,,3.0,histidine,4.83,6.0,True,False,,,,,,222.03,7.6,,,,,,True
ustekinumab,052a3fb2-21c3-4c4e-a01e-afdd1accd1cd,"USTEKINUMAB-AEKN INJECTION, SOLUTION [TEVA PHARMACEUTICALS USA, INC.]","Aug 03, 2026",subcutaneous,False,2.0,"Each 26 mL vial delivers 130 mg ustekinumab-aekn, edetate disodium (0.47 mg), histidine (20.02 mg), L- histidine monohydrochloride monohydrate (27.04 mg), methionine (10.4 mg), polysorbate 80 (10.4 mg), sucrose (2,210 mg), and water for injection (q.s).",26.0,,,polysorbate 80,0.04,,,4.0,histidine,9.92,6.0,True,False,,,,,,,,2.68,,,,,True
ustekinumab,183a1dff-ef33-4ddb-ba38-f7861b0f77ad,"USTEKINUMAB-AEKN INJECTION, SOLUTION [TEVA PHARMACEUTICALS USA, INC.]","Aug 03, 2026",subcutaneous,False,0.0,"Each 0.5 mL prefilled syringe or vial delivers 45 mg ustekinumab-aekn, histidine (0.122 mg), L-histidine monohydrochloride monohydrate (0.507 mg), polysorbate 80 (0.02 mg), sucrose (38 mg) and water for injection (q.s).",0.5,,,polysorbate 80,0.004,,,3.0,histidine,4.84,6.0,True,False,,,,,,222.03,7.6,,,,,,True
ustekinumab,183a1dff-ef33-4ddb-ba38-f7861b0f77ad,"USTEKINUMAB-AEKN INJECTION, SOLUTION [TEVA PHARMACEUTICALS USA, INC.]","Aug 03, 2026",subcutaneous,False,1.0,"Each 1 mL prefilled syringe delivers 90 mg ustekinumab-aekn, histidine (0.243 mg), L-histidine monohydrochloride monohydrate (1.013 mg), polysorbate 80 (0.04 mg), sucrose (76 mg) and water for injection (q.s).",1.0,,,polysorbate 80,0.004,,,3.0,histidine,4.83,6.0,True,False,,,,,,222.03,7.6,,,,,,True
ustekinumab,183a1dff-ef33-4ddb-ba38-f7861b0f77ad,"USTEKINUMAB-AEKN INJECTION, SOLUTION [TEVA PHARMACEUTICALS USA, INC.]","Aug 03, 2026",subcutaneous,False,2.0,"Each 26 mL vial delivers 130 mg ustekinumab-aekn, edetate disodium (0.47 mg), histidine (20.02 mg), L- histidine monohydrochloride monohydrate (27.04 mg), methionine (10.4 mg), polysorbate 80 (10.4 mg), sucrose (2,210 mg), and water for injection (q.s).",26.0,,,polysorbate 80,0.04,,,4.0,histidine,9.92,6.0,True,False,,,,,,,,2.68,,,,,True
ustekinumab,23b486eb-f48d-47d4-815e-1313d4ebfbfa,"USTEKINUMAB INJECTION, SOLUTION USTEKINUMAB SOLUTION [JANSSEN BIOTECH, INC.]","Jul 27, 2026",subcutaneous,False,0.0,"Each 0.5 mL prefilled syringe or vial delivers 45 mg ustekinumab, L-histidine and L-histidine monohydrochloride monohydrate (0.5 mg), Polysorbate 80 (0.02 mg), and sucrose (38 mg).",0.5,,,polysorbate 80,0.004,,,3.0,histidine,4.77,6.0,True,False,,,,,,222.03,7.6,,,,,,True
ustekinumab,23b486eb-f48d-47d4-815e-1313d4ebfbfa,"USTEKINUMAB INJECTION, SOLUTION USTEKINUMAB SOLUTION [JANSSEN BIOTECH, INC.]","Jul 27, 2026",subcutaneous,False,1.0,"Each 1 mL prefilled syringe delivers 90 mg ustekinumab, L-histidine and L-histidine monohydrochloride monohydrate (1 mg), Polysorbate 80 (0.04 mg), and sucrose (76 mg).",1.0,,,polysorbate 80,0.004,,,3.0,histidine,4.77,6.0,True,False,,,,,,222.03,7.6,,,,,,True
ustekinumab,23b486eb-f48d-47d4-815e-1313d4ebfbfa,"USTEKINUMAB INJECTION, SOLUTION USTEKINUMAB SOLUTION [JANSSEN BIOTECH, INC.]","Jul 27, 2026",subcutaneous,False,2.0,"Each 26 mL vial delivers 130 mg ustekinumab, EDTA disodium salt dihydrate (0.52 mg), L-histidine (20 mg), L-histidine hydrochloride monohydrate (27 mg), L-methionine (10.4 mg), Polysorbate 80 (10.4 mg), and sucrose (2210 mg).",26.0,,,polysorbate 80,0.04,,,5.0,histidine,9.91,6.0,True,False,,,,,,248.32,8.5,2.68,,,,,True
ustekinumab,c77a9664-e3bb-4023-b400-127aa53bca2b,"STELARA (USTEKINUMAB) INJECTION, SOLUTION STELARA (USTEKINUMAB) SOLUTION [JANSSEN BIOTECH, INC.]","Jul 23, 2026",subcutaneous,False,0.0,"Each 0.5 mL prefilled syringe or vial delivers 45 mg ustekinumab, L-histidine and L-histidine monohydrochloride monohydrate (0.5 mg), Polysorbate 80 (0.02 mg), and sucrose (38 mg).",0.5,,,polysorbate 80,0.004,,,3.0,histidine,4.77,6.0,True,False,,,,,,222.03,7.6,,,,,,True
ustekinumab,c77a9664-e3bb-4023-b400-127aa53bca2b,"STELARA (USTEKINUMAB) INJECTION, SOLUTION STELARA (USTEKINUMAB) SOLUTION [JANSSEN BIOTECH, INC.]","Jul 23, 2026",subcutaneous,False,1.0,"Each 1 mL prefilled syringe delivers 90 mg ustekinumab, L-histidine and L-histidine monohydrochloride monohydrate (1 mg), Polysorbate 80 (0.04 mg), and sucrose (76 mg).",1.0,,,polysorbate 80,0.004,,,3.0,histidine,4.77,6.0,True,False,,,,,,222.03,7.6,,,,,,True
ustekinumab,c77a9664-e3bb-4023-b400-127aa53bca2b,"STELARA (USTEKINUMAB) INJECTION, SOLUTION STELARA (USTEKINUMAB) SOLUTION [JANSSEN BIOTECH, INC.]","Jul 23, 2026",subcutaneous,False,2.0,"Each 26 mL vial delivers 130 mg ustekinumab, EDTA disodium salt dihydrate (0.52 mg), L-histidine (20 mg), L-histidine hydrochloride monohydrate (27 mg), L-methionine (10.4 mg), Polysorbate 80 (10.4 mg), and sucrose (2210 mg).",26.0,,,polysorbate 80,0.04,,,5.0,histidine,9.91,6.0,True,False,,,,,,248.32,8.5,2.68,,,,,True
tocilizumab,ad76441d-da59-47df-8d9d-2243005180f0,"TYENNE (TOCILIZUMAB-AAZG) INJECTION, SOLUTION [FRESENIUS KABI USA, LLC]","Aug 31, 2026",subcutaneous,False,0.0,"Each mL of solution contains arginine (17.4 mg), histidine (3.1 mg), lactic acid (0.9 mg), polysorbate 80 (0.2 mg), sodium chloride (0.6 mg), and Water for Injection, USP. It is supplied in a ready-to-use, single-dose 0.9 mL prefilled syringe (PFS) with a needle safety device or in a ready-to-use, single-dose 0.9 mL autoinjector that delivers 162 mg tocilizumab-aazg, arginine (16.7 mg), histidine (2.0 mg), lactic acid (0.9 mg), polysorbate 80 (0.2 mg), sodium chloride (0.6 mg), and Water for Injection, USP.",,,,,,,,0.0,,,6.0,False,False,,148.0,,,,,,,,,,,False
tocilizumab,e400bbe6-43c5-4de6-82b9-cb44ce3cd906,"TYENNE (TOCILIZUMAB-AAZG) INJECTION, SOLUTION, CONCENTRATE [FRESENIUS KABI USA, LLC]","Aug 17, 2026",subcutaneous,False,0.0,"Each mL of solution contains arginine (17.4 mg), histidine (3.1 mg), lactic acid (0.9 mg), polysorbate 80 (0.2 mg), sodium chloride (0.6 mg), and Water for Injection, USP. It is supplied in a ready-to-use, single-dose 0.9 mL prefilled syringe (PFS) with a needle safety device or in a ready-to-use, single-dose 0.9 mL autoinjector that delivers 162 mg tocilizumab-aazg, arginine (16.7 mg), histidine (2.0 mg), lactic acid (0.9 mg), polysorbate 80 (0.2 mg), sodium chloride (0.6 mg), and Water for Injection, USP.",,,,,,,,0.0,,,6.0,False,False,,148.0,,,,,,,,,,,False
tocilizumab,87ac5047-4f2b-4571-a8a8-32e08865f379,"TYENNE (TOCILIZUMAB-AAZG) INJECTION, SOLUTION [FRESENIUS KABI USA, LLC]","Aug 04, 2026",subcutaneous,False,0.0,"Each mL of solution contains arginine (17.4 mg), histidine (3.1 mg), lactic acid (0.9 mg), polysorbate 80 (0.2 mg), sodium chloride (0.6 mg), and Water for Injection, USP. It is supplied in a ready-to-use, single-dose 0.9 mL prefilled syringe (PFS) with a needle safety device or in a ready-to-use, single-dose 0.9 mL autoinjector that delivers 162 mg tocilizumab-aazg, arginine (16.7 mg), histidine (2.0 mg), lactic acid (0.9 mg), polysorbate 80 (0.2 mg), sodium chloride (0.6 mg), and Water for Injection, USP.",,,,,,,,0.0,,,6.0,False,False,,148.0,,,,,,,,,,,False
tocilizumab,581c288f-8015-40ef-a4c3-683c96db193d,"AVTOZMA (TOCILIZUMAB) INJECTION, SOLUTION [CELLTRION USA, INC.]","Jul 29, 2026",subcutaneous,False,0.0,"Each mL of solution contains histidine (0.74 mg), L-histidine hydrochloride monohydrate (1.09 mg), methionine (8.95 mg), polysorbate 80 (0.5 mg), threonine (19.06 mg), and Water for Injection, USP. It is supplied in a ready-to-use, single-dose 0.9 mL prefilled syringe (PFS) with a needle safety device or a ready- to-use, single-dose 0.9 mL autoinjector that delivers 162 mg tocilizumab-anoh, histidine (0.7 mg), L-histidine hydrochloride monohydrate (1.0 mg), methionine (8.1 mg), polysorbate 80 (0.2 mg), threonine (17.2 mg), and Water for Injection, USP.",,,,,,,,0.0,,,6.0,False,False,,148.0,,,,,,,,,,,False
